# Blender 4.3.2
# www.blender.org
mtllib sword.mtl
o Plane
v 5.079631 -2.107053 0.049246
v 5.079631 -2.310506 0.705545
v 5.079631 4.659757 0.423349
v 5.079631 5.144386 0.049246
v 5.079631 -2.310506 -0.607054
v 5.079631 4.659757 -0.324857
v 4.800730 -2.107053 0.049246
v 4.800730 -2.310506 0.705545
v 4.800730 4.659757 0.423349
v 4.800730 5.144386 0.049246
v 4.800730 -2.310506 -0.607054
v 4.800730 4.659757 -0.324857
v 4.940180 -2.310506 -0.933860
v 4.940180 4.659757 -0.511142
v 4.940180 5.391236 0.049246
v 4.940180 4.659757 0.609634
v 4.940180 -2.310506 1.032352
v 4.940180 -2.107053 0.049246
v 4.970665 -5.236312 -0.195581
v 4.970665 -2.521775 -0.195581
v 5.018547 -5.236312 -0.190865
v 5.018547 -2.521775 -0.190865
v 5.064589 -5.236312 -0.176899
v 5.064589 -2.521775 -0.176899
v 5.107020 -5.236312 -0.154218
v 5.107020 -2.521775 -0.154218
v 5.144212 -5.236312 -0.123696
v 5.144212 -2.521775 -0.123696
v 5.174735 -5.236312 -0.086504
v 5.174735 -2.521775 -0.086504
v 5.197415 -5.236312 -0.044072
v 5.197415 -2.521775 -0.044072
v 5.211382 -5.236312 0.001970
v 5.211382 -2.521775 0.001970
v 5.216098 -5.236312 0.049851
v 5.216098 -2.521775 0.049851
v 5.211382 -5.236312 0.097733
v 5.211382 -2.521775 0.097733
v 5.197415 -5.236312 0.143774
v 5.197415 -2.521775 0.143774
v 5.174735 -5.236312 0.186206
v 5.174735 -2.521775 0.186206
v 5.144212 -5.236312 0.223398
v 5.144212 -2.521775 0.223398
v 5.107020 -5.236312 0.253921
v 5.107020 -2.521775 0.253921
v 5.064589 -5.236312 0.276601
v 5.064589 -2.521775 0.276601
v 5.018547 -5.236312 0.290568
v 5.018547 -2.521775 0.290568
v 4.970665 -5.236312 0.295284
v 4.970665 -2.521775 0.295284
v 4.922784 -5.236312 0.290568
v 4.922784 -2.521775 0.290568
v 4.876743 -5.236312 0.276601
v 4.876743 -2.521775 0.276601
v 4.834311 -5.236312 0.253921
v 4.834311 -2.521775 0.253921
v 4.797119 -5.236312 0.223398
v 4.797119 -2.521775 0.223398
v 4.766596 -5.236312 0.186206
v 4.766596 -2.521775 0.186206
v 4.743916 -5.236312 0.143774
v 4.743916 -2.521775 0.143774
v 4.729949 -5.236312 0.097733
v 4.729949 -2.521775 0.097733
v 4.725233 -5.236312 0.049851
v 4.725233 -2.521775 0.049851
v 4.729949 -5.236312 0.001970
v 4.729949 -2.521775 0.001970
v 4.743916 -5.236312 -0.044072
v 4.743916 -2.521775 -0.044072
v 4.766596 -5.236312 -0.086504
v 4.766596 -2.521775 -0.086504
v 4.797119 -5.236312 -0.123696
v 4.797119 -2.521775 -0.123696
v 4.834311 -5.236312 -0.154218
v 4.834311 -2.521775 -0.154218
v 4.876743 -5.236312 -0.176899
v 4.876743 -2.521775 -0.176899
v 4.922784 -5.236312 -0.190865
v 4.922784 -2.521775 -0.190865
v 4.970665 -5.236312 -0.222758
v 5.023849 -5.236312 -0.217520
v 5.074989 -5.236312 -0.202007
v 5.122119 -5.236312 -0.176815
v 5.163430 -5.236312 -0.142913
v 5.197332 -5.236312 -0.101602
v 5.222524 -5.236312 -0.054472
v 5.238037 -5.236312 -0.003332
v 5.243275 -5.236312 0.049851
v 5.238037 -5.236312 0.103035
v 5.222524 -5.236312 0.154174
v 5.197332 -5.236312 0.201305
v 5.163430 -5.236312 0.242615
v 5.122119 -5.236312 0.276518
v 5.074989 -5.236312 0.301710
v 5.023849 -5.236312 0.317223
v 4.970665 -5.236312 0.322461
v 4.917482 -5.236312 0.317223
v 4.866343 -5.236312 0.301710
v 4.819212 -5.236312 0.276518
v 4.777902 -5.236312 0.242615
v 4.743999 -5.236312 0.201305
v 4.718807 -5.236312 0.154174
v 4.703294 -5.236312 0.103035
v 4.698056 -5.236312 0.049851
v 4.703294 -5.236312 -0.003332
v 4.718807 -5.236312 -0.054472
v 4.743999 -5.236312 -0.101602
v 4.777902 -5.236312 -0.142913
v 4.819212 -5.236312 -0.176815
v 4.866343 -5.236312 -0.202007
v 4.917482 -5.236312 -0.217520
v 4.970665 -5.284646 -0.242778
v 5.027755 -5.284646 -0.237155
v 5.082650 -5.284646 -0.220503
v 5.133242 -5.284646 -0.193461
v 5.177586 -5.284646 -0.157069
v 5.213978 -5.284646 -0.112725
v 5.241019 -5.284646 -0.062133
v 5.257672 -5.284646 -0.007238
v 5.263295 -5.284646 0.049851
v 5.257672 -5.284646 0.106940
v 5.241019 -5.284646 0.161836
v 5.213978 -5.284646 0.212427
v 5.177586 -5.284646 0.256771
v 5.133242 -5.284646 0.293163
v 5.082650 -5.284646 0.320205
v 5.027755 -5.284646 0.336857
v 4.970665 -5.284646 0.342480
v 4.913577 -5.284646 0.336857
v 4.858681 -5.284646 0.320205
v 4.808090 -5.284646 0.293163
v 4.763746 -5.284646 0.256771
v 4.727354 -5.284646 0.212427
v 4.700312 -5.284646 0.161836
v 4.683660 -5.284646 0.106940
v 4.678037 -5.284646 0.049851
v 4.683660 -5.284646 -0.007238
v 4.700312 -5.284646 -0.062133
v 4.727354 -5.284646 -0.112725
v 4.763746 -5.284646 -0.157069
v 4.808090 -5.284646 -0.193461
v 4.858681 -5.284646 -0.220503
v 4.913577 -5.284646 -0.237155
v 4.970665 -5.591187 -0.242778
v 5.027755 -5.591187 -0.237155
v 5.082650 -5.591187 -0.220503
v 5.133242 -5.591187 -0.193461
v 5.177586 -5.591187 -0.157069
v 5.213978 -5.591187 -0.112725
v 5.241020 -5.591187 -0.062133
v 5.257672 -5.591187 -0.007238
v 5.263295 -5.591187 0.049851
v 5.257672 -5.591187 0.106940
v 5.241020 -5.591187 0.161836
v 5.213978 -5.591187 0.212427
v 5.177586 -5.591187 0.256771
v 5.133242 -5.591187 0.293163
v 5.082650 -5.591187 0.320205
v 5.027755 -5.591187 0.336857
v 4.970665 -5.591187 0.342480
v 4.913577 -5.591187 0.336857
v 4.858681 -5.591187 0.320205
v 4.808090 -5.591187 0.293163
v 4.763746 -5.591187 0.256771
v 4.727354 -5.591187 0.212427
v 4.700312 -5.591187 0.161836
v 4.683660 -5.591187 0.106940
v 4.678037 -5.591187 0.049851
v 4.683660 -5.591187 -0.007238
v 4.700312 -5.591187 -0.062133
v 4.727354 -5.591187 -0.112725
v 4.763746 -5.591187 -0.157069
v 4.808090 -5.591187 -0.193461
v 4.858681 -5.591187 -0.220503
v 4.913577 -5.591187 -0.237155
v 4.970666 -5.642472 -0.201693
v 5.019740 -5.642472 -0.196860
v 5.066927 -5.642472 -0.182545
v 5.110416 -5.642472 -0.159300
v 5.148535 -5.642472 -0.128018
v 5.179817 -5.642472 -0.089899
v 5.203063 -5.642472 -0.046411
v 5.217377 -5.642472 0.000777
v 5.222210 -5.642472 0.049851
v 5.217377 -5.642472 0.098925
v 5.203063 -5.642472 0.146113
v 5.179817 -5.642472 0.189602
v 5.148535 -5.642472 0.227720
v 5.110416 -5.642472 0.259003
v 5.066927 -5.642472 0.282248
v 5.019740 -5.642472 0.296562
v 4.970666 -5.642472 0.301396
v 4.921592 -5.642472 0.296562
v 4.874404 -5.642472 0.282248
v 4.830915 -5.642472 0.259003
v 4.792797 -5.642472 0.227720
v 4.761514 -5.642472 0.189602
v 4.738269 -5.642472 0.146113
v 4.723955 -5.642472 0.098925
v 4.719121 -5.642472 0.049851
v 4.723955 -5.642472 0.000777
v 4.738269 -5.642472 -0.046411
v 4.761514 -5.642472 -0.089899
v 4.792797 -5.642472 -0.128018
v 4.830915 -5.642472 -0.159300
v 4.874404 -5.642472 -0.182545
v 4.921592 -5.642472 -0.196860
v 4.970666 -2.796655 -0.263873
v 5.031870 -2.796655 -0.257845
v 5.090723 -2.796655 -0.239992
v 5.144961 -2.796655 -0.211001
v 5.192502 -2.796655 -0.171985
v 5.231518 -2.796655 -0.124444
v 5.260509 -2.796655 -0.070206
v 5.278362 -2.796655 -0.011353
v 5.284390 -2.796655 0.049851
v 5.278362 -2.796655 0.111056
v 5.260509 -2.796655 0.169908
v 5.231518 -2.796655 0.224147
v 5.192502 -2.796655 0.271688
v 5.144961 -2.796655 0.310703
v 5.090723 -2.796655 0.339694
v 5.031870 -2.796655 0.357547
v 4.970666 -2.796655 0.363575
v 4.909461 -2.796655 0.357547
v 4.850609 -2.796655 0.339694
v 4.796370 -2.796655 0.310703
v 4.748829 -2.796655 0.271688
v 4.709814 -2.796655 0.224147
v 4.680823 -2.796655 0.169908
v 4.662970 -2.796655 0.111056
v 4.656942 -2.796655 0.049851
v 4.662970 -2.796655 -0.011353
v 4.680823 -2.796655 -0.070206
v 4.709814 -2.796655 -0.124444
v 4.748829 -2.796655 -0.171985
v 4.796370 -2.796655 -0.211001
v 4.850609 -2.796655 -0.239992
v 4.909461 -2.796655 -0.257845
v 4.970666 -2.735680 -0.314907
v 5.041827 -2.735680 -0.307898
v 5.110253 -2.735680 -0.287141
v 5.173315 -2.735680 -0.253434
v 5.228589 -2.735680 -0.208072
v 5.273952 -2.735680 -0.152798
v 5.307659 -2.735680 -0.089736
v 5.328415 -2.735680 -0.021310
v 5.335424 -2.735680 0.049851
v 5.328415 -2.735680 0.121012
v 5.307659 -2.735680 0.189438
v 5.273952 -2.735680 0.252500
v 5.228589 -2.735680 0.307774
v 5.173315 -2.735680 0.353137
v 5.110253 -2.735680 0.386844
v 5.041827 -2.735680 0.407601
v 4.970666 -2.735680 0.414610
v 4.899505 -2.735680 0.407601
v 4.831079 -2.735680 0.386844
v 4.768017 -2.735680 0.353137
v 4.712743 -2.735680 0.307774
v 4.667380 -2.735680 0.252500
v 4.633673 -2.735680 0.189438
v 4.612916 -2.735680 0.121012
v 4.605908 -2.735680 0.049851
v 4.612916 -2.735680 -0.021310
v 4.633673 -2.735680 -0.089736
v 4.667380 -2.735680 -0.152798
v 4.712743 -2.735680 -0.208072
v 4.768017 -2.735680 -0.253434
v 4.831079 -2.735680 -0.287141
v 4.899505 -2.735680 -0.307898
v 4.970666 -2.467959 -0.314907
v 5.041827 -2.467959 -0.307898
v 5.110253 -2.467959 -0.287141
v 5.173315 -2.467959 -0.253434
v 5.228589 -2.467959 -0.208072
v 5.273952 -2.467959 -0.152798
v 5.307659 -2.467959 -0.089736
v 5.328415 -2.467959 -0.021310
v 5.335424 -2.467959 0.049851
v 5.328415 -2.467959 0.121012
v 5.307659 -2.467959 0.189438
v 5.273952 -2.467959 0.252500
v 5.228589 -2.467959 0.307774
v 5.173315 -2.467959 0.353137
v 5.110253 -2.467959 0.386844
v 5.041827 -2.467959 0.407601
v 4.970666 -2.467959 0.414610
v 4.899505 -2.467959 0.407601
v 4.831079 -2.467959 0.386844
v 4.768017 -2.467959 0.353137
v 4.712743 -2.467959 0.307774
v 4.667380 -2.467959 0.252500
v 4.633673 -2.467959 0.189438
v 4.612916 -2.467959 0.121012
v 4.605908 -2.467959 0.049851
v 4.612916 -2.467959 -0.021310
v 4.633673 -2.467959 -0.089736
v 4.667380 -2.467959 -0.152798
v 4.712743 -2.467959 -0.208072
v 4.768017 -2.467959 -0.253434
v 4.831079 -2.467959 -0.287141
v 4.899505 -2.467959 -0.307898
v 4.970666 -2.856850 -0.233054
v 5.028325 -2.858493 -0.227618
v 5.083767 -2.863359 -0.211519
v 5.134863 -2.871262 -0.185376
v 5.179650 -2.881897 -0.150193
v 5.216405 -2.894856 -0.107322
v 5.243717 -2.909641 -0.058412
v 5.260535 -2.925684 -0.005341
v 5.266214 -2.942368 0.049851
v 5.260535 -2.959051 0.105043
v 5.243717 -2.975094 0.158114
v 5.216405 -2.989878 0.207025
v 5.179650 -3.002837 0.249895
v 5.134863 -3.013473 0.285078
v 5.083767 -3.021375 0.311221
v 5.028325 -3.026242 0.327320
v 4.970666 -3.027885 0.332756
v 4.913008 -3.026242 0.327320
v 4.857565 -3.021375 0.311221
v 4.806468 -3.013473 0.285078
v 4.761682 -3.002837 0.249895
v 4.724927 -2.989878 0.207025
v 4.697616 -2.975094 0.158114
v 4.680797 -2.959051 0.105043
v 4.675118 -2.942368 0.049851
v 4.680797 -2.925684 -0.005341
v 4.697616 -2.909641 -0.058412
v 4.724927 -2.894856 -0.107322
v 4.761682 -2.881897 -0.150193
v 4.806468 -2.871262 -0.185376
v 4.857565 -2.863359 -0.211519
v 4.913008 -2.858493 -0.227618
v 4.970666 -2.976421 -0.230090
v 5.028325 -2.978064 -0.224654
v 5.083767 -2.982931 -0.208555
v 5.134863 -2.990833 -0.182412
v 5.179650 -3.001468 -0.147229
v 5.216405 -3.014428 -0.104359
v 5.243717 -3.029212 -0.055448
v 5.260535 -3.045255 -0.002377
v 5.266214 -3.061939 0.052815
v 5.260535 -3.078622 0.108007
v 5.243717 -3.094665 0.161078
v 5.216405 -3.109449 0.209988
v 5.179650 -3.122408 0.252859
v 5.134863 -3.133044 0.288042
v 5.083767 -3.140946 0.314185
v 5.028325 -3.145813 0.330284
v 4.970666 -3.147456 0.335720
v 4.913008 -3.145813 0.330284
v 4.857565 -3.140946 0.314185
v 4.806468 -3.133044 0.288042
v 4.761682 -3.122408 0.252859
v 4.724927 -3.109449 0.209988
v 4.697616 -3.094665 0.161078
v 4.680797 -3.078622 0.108007
v 4.675118 -3.061939 0.052815
v 4.680797 -3.045255 -0.002377
v 4.697616 -3.029212 -0.055448
v 4.724927 -3.014428 -0.104359
v 4.761682 -3.001468 -0.147229
v 4.806468 -2.990833 -0.182412
v 4.857565 -2.982931 -0.208555
v 4.913008 -2.978064 -0.224654
v 4.970666 -3.170600 -0.222033
v 5.028325 -3.168512 -0.216752
v 5.083767 -3.162328 -0.201111
v 5.134863 -3.152287 -0.175713
v 5.179650 -3.138773 -0.141532
v 5.216405 -3.122308 -0.099882
v 5.243717 -3.103521 -0.052365
v 5.260535 -3.083137 -0.000805
v 5.266214 -3.061939 0.052815
v 5.260535 -3.040740 0.106435
v 5.243717 -3.020356 0.157994
v 5.216405 -3.001570 0.205512
v 5.179650 -2.985104 0.247161
v 5.134863 -2.971590 0.281342
v 5.083767 -2.961549 0.306741
v 5.028325 -2.955365 0.322381
v 4.970666 -2.953278 0.327662
v 4.913008 -2.955365 0.322381
v 4.857565 -2.961549 0.306741
v 4.806468 -2.971590 0.281342
v 4.761682 -2.985104 0.247161
v 4.724927 -3.001570 0.205512
v 4.697616 -3.020356 0.157994
v 4.680797 -3.040740 0.106435
v 4.675118 -3.061939 0.052815
v 4.680797 -3.083137 -0.000805
v 4.697616 -3.103521 -0.052365
v 4.724927 -3.122308 -0.099882
v 4.761682 -3.138773 -0.141532
v 4.806468 -3.152287 -0.175713
v 4.857565 -3.162328 -0.201111
v 4.913008 -3.168512 -0.216752
v 4.970666 -3.051825 -0.224214
v 5.028325 -3.049737 -0.218933
v 5.083767 -3.043554 -0.203292
v 5.134863 -3.033513 -0.177894
v 5.179650 -3.019999 -0.143713
v 5.216405 -3.003533 -0.102063
v 5.243717 -2.984747 -0.054546
v 5.260535 -2.964363 -0.002986
v 5.266214 -2.943164 0.050634
v 5.260535 -2.921965 0.104254
v 5.243717 -2.901581 0.155813
v 5.216405 -2.882795 0.203331
v 5.179650 -2.866329 0.244980
v 5.134863 -2.852816 0.279161
v 5.083767 -2.842774 0.304560
v 5.028325 -2.836591 0.320200
v 4.970666 -2.834503 0.325481
v 4.913008 -2.836591 0.320200
v 4.857565 -2.842774 0.304560
v 4.806468 -2.852816 0.279161
v 4.761682 -2.866329 0.244980
v 4.724927 -2.882795 0.203331
v 4.697616 -2.901581 0.155813
v 4.680797 -2.921965 0.104254
v 4.675118 -2.943164 0.050634
v 4.680797 -2.964363 -0.002986
v 4.697616 -2.984747 -0.054546
v 4.724927 -3.003533 -0.102063
v 4.761682 -3.019999 -0.143713
v 4.806468 -3.033513 -0.177894
v 4.857565 -3.043554 -0.203292
v 4.913008 -3.049737 -0.218933
v 4.970666 -3.170600 -0.222033
v 5.028325 -3.168512 -0.216752
v 5.083767 -3.162328 -0.201111
v 5.134863 -3.152287 -0.175713
v 5.179650 -3.138773 -0.141532
v 5.216405 -3.122308 -0.099882
v 5.243717 -3.103521 -0.052365
v 5.260535 -3.083137 -0.000805
v 5.266214 -3.061939 0.052815
v 5.260535 -3.040740 0.106435
v 5.243717 -3.020356 0.157994
v 5.216405 -3.001570 0.205512
v 5.179650 -2.985104 0.247161
v 5.134863 -2.971590 0.281342
v 5.083767 -2.961549 0.306741
v 5.028325 -2.955365 0.322381
v 4.970666 -2.953278 0.327662
v 4.913008 -2.955365 0.322381
v 4.857565 -2.961549 0.306741
v 4.806468 -2.971590 0.281342
v 4.761682 -2.985104 0.247161
v 4.724927 -3.001570 0.205512
v 4.697616 -3.020356 0.157994
v 4.680797 -3.040740 0.106435
v 4.675118 -3.061939 0.052815
v 4.680797 -3.083137 -0.000805
v 4.697616 -3.103521 -0.052365
v 4.724927 -3.122308 -0.099882
v 4.761682 -3.138773 -0.141532
v 4.806468 -3.152287 -0.175713
v 4.857565 -3.162328 -0.201111
v 4.913008 -3.168512 -0.216752
v 4.970666 -3.051825 -0.224214
v 5.028325 -3.049737 -0.218933
v 5.083767 -3.043554 -0.203292
v 5.134863 -3.033513 -0.177894
v 5.179650 -3.019999 -0.143713
v 5.216405 -3.003533 -0.102063
v 5.243717 -2.984747 -0.054546
v 5.260535 -2.964363 -0.002986
v 5.266214 -2.943164 0.050634
v 5.260535 -2.921965 0.104254
v 5.243717 -2.901581 0.155813
v 5.216405 -2.882795 0.203331
v 5.179650 -2.866329 0.244980
v 5.134863 -2.852816 0.279161
v 5.083767 -2.842774 0.304560
v 5.028325 -2.836591 0.320200
v 4.970666 -2.834503 0.325481
v 4.913008 -2.836591 0.320200
v 4.857565 -2.842774 0.304560
v 4.806468 -2.852816 0.279161
v 4.761682 -2.866329 0.244980
v 4.724927 -2.882795 0.203331
v 4.697616 -2.901581 0.155813
v 4.680797 -2.921965 0.104254
v 4.675118 -2.943164 0.050634
v 4.680797 -2.964363 -0.002986
v 4.697616 -2.984747 -0.054546
v 4.724927 -3.003533 -0.102063
v 4.761682 -3.019999 -0.143713
v 4.806468 -3.033513 -0.177894
v 4.857565 -3.043554 -0.203292
v 4.913008 -3.049737 -0.218933
v 4.970662 -3.123411 0.336241
v 4.913003 -3.125054 0.330805
v 4.857561 -3.129921 0.314706
v 4.806465 -3.137824 0.288563
v 4.761678 -3.148459 0.253380
v 4.724923 -3.161418 0.210510
v 4.697611 -3.176203 0.161599
v 4.680793 -3.192245 0.108528
v 4.675114 -3.208929 0.053336
v 4.680793 -3.225612 -0.001856
v 4.697611 -3.241655 -0.054927
v 4.724923 -3.256440 -0.103837
v 4.761678 -3.269399 -0.146708
v 4.806464 -3.280034 -0.181890
v 4.857561 -3.287937 -0.208034
v 4.913003 -3.292803 -0.224133
v 4.970662 -3.294446 -0.229569
v 5.028320 -3.292803 -0.224133
v 5.083763 -3.287937 -0.208034
v 5.134860 -3.280034 -0.181891
v 5.179646 -3.269399 -0.146708
v 5.216401 -3.256440 -0.103837
v 5.243712 -3.241655 -0.054927
v 5.260531 -3.225612 -0.001856
v 5.266210 -3.208929 0.053336
v 5.260531 -3.192245 0.108528
v 5.243712 -3.176203 0.161599
v 5.216401 -3.161418 0.210510
v 5.179646 -3.148459 0.253380
v 5.134860 -3.137824 0.288563
v 5.083763 -3.129921 0.314706
v 5.028320 -3.125054 0.330805
v 4.970662 -3.242982 0.333278
v 4.913003 -3.244626 0.327842
v 4.857561 -3.249492 0.311743
v 4.806465 -3.257395 0.285600
v 4.761678 -3.268030 0.250417
v 4.724923 -3.280989 0.207546
v 4.697611 -3.295774 0.158636
v 4.680793 -3.311816 0.105565
v 4.675114 -3.328500 0.050373
v 4.680793 -3.345183 -0.004819
v 4.697611 -3.361226 -0.057890
v 4.724923 -3.376011 -0.106801
v 4.761678 -3.388970 -0.149671
v 4.806465 -3.399605 -0.184854
v 4.857561 -3.407508 -0.210997
v 4.913003 -3.412374 -0.227096
v 4.970662 -3.414017 -0.232532
v 5.028320 -3.412374 -0.227096
v 5.083763 -3.407508 -0.210997
v 5.134860 -3.399605 -0.184854
v 5.179646 -3.388970 -0.149671
v 5.216401 -3.376011 -0.106801
v 5.243712 -3.361226 -0.057890
v 5.260531 -3.345183 -0.004819
v 5.266210 -3.328500 0.050373
v 5.260531 -3.311816 0.105565
v 5.243712 -3.295774 0.158636
v 5.216401 -3.280989 0.207546
v 5.179646 -3.268030 0.250417
v 5.134860 -3.257395 0.285600
v 5.083763 -3.249492 0.311743
v 5.028320 -3.244626 0.327842
v 4.970662 -3.437161 0.325221
v 4.913003 -3.435073 0.319939
v 4.857561 -3.428890 0.304299
v 4.806465 -3.418848 0.278900
v 4.761678 -3.405335 0.244720
v 4.724923 -3.388869 0.203070
v 4.697611 -3.370083 0.155553
v 4.680793 -3.349699 0.103993
v 4.675114 -3.328500 0.050373
v 4.680793 -3.307301 -0.003247
v 4.697611 -3.286917 -0.054807
v 4.724923 -3.268131 -0.102324
v 4.761678 -3.251665 -0.143974
v 4.806465 -3.238152 -0.178154
v 4.857561 -3.228110 -0.203553
v 4.913003 -3.221927 -0.219193
v 4.970662 -3.219839 -0.224475
v 5.028320 -3.221927 -0.219193
v 5.083763 -3.228110 -0.203553
v 5.134860 -3.238152 -0.178154
v 5.179646 -3.251665 -0.143974
v 5.216401 -3.268131 -0.102324
v 5.243712 -3.286917 -0.054807
v 5.260531 -3.307301 -0.003247
v 5.266210 -3.328500 0.050373
v 5.260531 -3.349699 0.103993
v 5.243712 -3.370083 0.155553
v 5.216401 -3.388869 0.203070
v 5.179646 -3.405335 0.244720
v 5.134860 -3.418848 0.278900
v 5.083763 -3.428890 0.304299
v 5.028320 -3.435073 0.319939
v 4.970662 -3.318387 0.327401
v 4.913003 -3.316299 0.322120
v 4.857561 -3.310115 0.306480
v 4.806465 -3.300074 0.281081
v 4.761678 -3.286560 0.246901
v 4.724923 -3.270094 0.205251
v 4.697611 -3.251308 0.157734
v 4.680793 -3.230924 0.106174
v 4.675114 -3.209725 0.052554
v 4.680793 -3.188527 -0.001066
v 4.697611 -3.168143 -0.052626
v 4.724923 -3.149356 -0.100143
v 4.761678 -3.132890 -0.141793
v 4.806465 -3.119377 -0.175974
v 4.857561 -3.109336 -0.201372
v 4.913003 -3.103152 -0.217013
v 4.970662 -3.101064 -0.222294
v 5.028320 -3.103152 -0.217013
v 5.083763 -3.109336 -0.201372
v 5.134860 -3.119377 -0.175974
v 5.179646 -3.132890 -0.141793
v 5.216401 -3.149356 -0.100143
v 5.243712 -3.168143 -0.052626
v 5.260531 -3.188527 -0.001066
v 5.266210 -3.209725 0.052554
v 5.260531 -3.230924 0.106174
v 5.243712 -3.251308 0.157733
v 5.216401 -3.270094 0.205251
v 5.179646 -3.286560 0.246900
v 5.134860 -3.300074 0.281081
v 5.083763 -3.310115 0.306480
v 5.028320 -3.316299 0.322120
v 4.970662 -3.437161 0.325221
v 4.913003 -3.435073 0.319939
v 4.857561 -3.428890 0.304299
v 4.806465 -3.418848 0.278900
v 4.761678 -3.405335 0.244720
v 4.724923 -3.388869 0.203070
v 4.697611 -3.370083 0.155553
v 4.680793 -3.349699 0.103993
v 4.675114 -3.328500 0.050373
v 4.680793 -3.307301 -0.003247
v 4.697611 -3.286917 -0.054807
v 4.724923 -3.268131 -0.102324
v 4.761678 -3.251665 -0.143974
v 4.806465 -3.238152 -0.178154
v 4.857561 -3.228110 -0.203553
v 4.913003 -3.221927 -0.219193
v 4.970662 -3.219839 -0.224475
v 5.028320 -3.221927 -0.219193
v 5.083763 -3.228110 -0.203553
v 5.134860 -3.238152 -0.178154
v 5.179646 -3.251665 -0.143974
v 5.216401 -3.268131 -0.102324
v 5.243712 -3.286917 -0.054807
v 5.260531 -3.307301 -0.003247
v 5.266210 -3.328500 0.050373
v 5.260531 -3.349699 0.103993
v 5.243712 -3.370083 0.155553
v 5.216401 -3.388869 0.203070
v 5.179646 -3.405335 0.244720
v 5.134860 -3.418848 0.278900
v 5.083763 -3.428890 0.304299
v 5.028320 -3.435073 0.319939
v 4.970662 -3.318387 0.327401
v 4.913003 -3.316299 0.322120
v 4.857561 -3.310115 0.306480
v 4.806465 -3.300074 0.281081
v 4.761678 -3.286560 0.246901
v 4.724923 -3.270094 0.205251
v 4.697611 -3.251308 0.157734
v 4.680793 -3.230924 0.106174
v 4.675114 -3.209725 0.052554
v 4.680793 -3.188527 -0.001066
v 4.697611 -3.168143 -0.052626
v 4.724923 -3.149356 -0.100143
v 4.761678 -3.132890 -0.141793
v 4.806465 -3.119377 -0.175974
v 4.857561 -3.109336 -0.201372
v 4.913003 -3.103152 -0.217013
v 4.970662 -3.101064 -0.222294
v 5.028320 -3.103152 -0.217013
v 5.083763 -3.109336 -0.201372
v 5.134860 -3.119377 -0.175974
v 5.179646 -3.132890 -0.141793
v 5.216401 -3.149356 -0.100143
v 5.243712 -3.168143 -0.052626
v 5.260531 -3.188527 -0.001066
v 5.266210 -3.209725 0.052554
v 5.260531 -3.230924 0.106174
v 5.243712 -3.251308 0.157733
v 5.216401 -3.270094 0.205251
v 5.179646 -3.286560 0.246900
v 5.134860 -3.300074 0.281081
v 5.083763 -3.310115 0.306480
v 5.028320 -3.316299 0.322120
v 4.970664 -4.742342 -0.233054
v 5.028323 -4.743985 -0.227618
v 5.083766 -4.748851 -0.211519
v 5.134861 -4.756754 -0.185376
v 5.179648 -4.767389 -0.150193
v 5.216403 -4.780348 -0.107322
v 5.243715 -4.795133 -0.058412
v 5.260533 -4.811175 -0.005341
v 5.266212 -4.827859 0.049851
v 5.260533 -4.844543 0.105043
v 5.243715 -4.860585 0.158114
v 5.216403 -4.875370 0.207025
v 5.179648 -4.888330 0.249895
v 5.134862 -4.898964 0.285078
v 5.083766 -4.906867 0.311221
v 5.028323 -4.911734 0.327320
v 4.970664 -4.913377 0.332756
v 4.913006 -4.911734 0.327320
v 4.857563 -4.906867 0.311221
v 4.806467 -4.898964 0.285078
v 4.761680 -4.888330 0.249895
v 4.724925 -4.875370 0.207025
v 4.697614 -4.860585 0.158114
v 4.680795 -4.844543 0.105043
v 4.675117 -4.827859 0.049851
v 4.680795 -4.811175 -0.005341
v 4.697614 -4.795133 -0.058412
v 4.724925 -4.780348 -0.107322
v 4.761680 -4.767389 -0.150193
v 4.806467 -4.756754 -0.185375
v 4.857563 -4.748851 -0.211519
v 4.913006 -4.743985 -0.227618
v 4.970664 -4.861913 -0.230090
v 5.028323 -4.863556 -0.224654
v 5.083766 -4.868423 -0.208555
v 5.134861 -4.876325 -0.182412
v 5.179648 -4.886960 -0.147229
v 5.216403 -4.899920 -0.104359
v 5.243715 -4.914704 -0.055448
v 5.260533 -4.930747 -0.002377
v 5.266212 -4.947431 0.052815
v 5.260533 -4.964114 0.108007
v 5.243715 -4.980157 0.161078
v 5.216403 -4.994941 0.209988
v 5.179648 -5.007900 0.252859
v 5.134861 -5.018536 0.288042
v 5.083766 -5.026438 0.314185
v 5.028323 -5.031304 0.330284
v 4.970664 -5.032948 0.335720
v 4.913006 -5.031304 0.330284
v 4.857563 -5.026438 0.314185
v 4.806467 -5.018536 0.288042
v 4.761680 -5.007900 0.252859
v 4.724925 -4.994941 0.209988
v 4.697614 -4.980157 0.161078
v 4.680795 -4.964114 0.108007
v 4.675117 -4.947431 0.052815
v 4.680795 -4.930747 -0.002377
v 4.697614 -4.914704 -0.055448
v 4.724925 -4.899920 -0.104359
v 4.761680 -4.886960 -0.147229
v 4.806467 -4.876325 -0.182412
v 4.857563 -4.868423 -0.208555
v 4.913006 -4.863556 -0.224654
v 4.970664 -5.056091 -0.222033
v 5.028323 -5.054004 -0.216752
v 5.083766 -5.047820 -0.201111
v 5.134861 -5.037779 -0.175713
v 5.179648 -5.024265 -0.141532
v 5.216403 -5.007799 -0.099882
v 5.243715 -4.989013 -0.052365
v 5.260533 -4.968629 -0.000806
v 5.266212 -4.947431 0.052815
v 5.260533 -4.926231 0.106435
v 5.243715 -4.905848 0.157994
v 5.216403 -4.887061 0.205512
v 5.179648 -4.870595 0.247161
v 5.134861 -4.857082 0.281342
v 5.083766 -4.847040 0.306741
v 5.028323 -4.840858 0.322381
v 4.970664 -4.838769 0.327662
v 4.913006 -4.840858 0.322381
v 4.857563 -4.847040 0.306741
v 4.806467 -4.857082 0.281342
v 4.761680 -4.870595 0.247161
v 4.724925 -4.887061 0.205512
v 4.697614 -4.905848 0.157994
v 4.680795 -4.926231 0.106435
v 4.675117 -4.947431 0.052815
v 4.680795 -4.968629 -0.000805
v 4.697614 -4.989013 -0.052365
v 4.724925 -5.007799 -0.099882
v 4.761680 -5.024265 -0.141532
v 4.806467 -5.037779 -0.175713
v 4.857563 -5.047820 -0.201111
v 4.913006 -5.054004 -0.216752
v 4.970664 -4.937317 -0.224214
v 5.028323 -4.935229 -0.218933
v 5.083766 -4.929046 -0.203292
v 5.134861 -4.919004 -0.177894
v 5.179648 -4.905491 -0.143713
v 5.216403 -4.889025 -0.102063
v 5.243715 -4.870238 -0.054546
v 5.260533 -4.849854 -0.002986
v 5.266212 -4.828656 0.050634
v 5.260533 -4.807457 0.104254
v 5.243715 -4.787073 0.155813
v 5.216403 -4.768287 0.203331
v 5.179648 -4.751821 0.244980
v 5.134861 -4.738307 0.279161
v 5.083766 -4.728266 0.304560
v 5.028323 -4.722083 0.320200
v 4.970664 -4.719995 0.325481
v 4.913006 -4.722083 0.320200
v 4.857563 -4.728266 0.304560
v 4.806467 -4.738307 0.279161
v 4.761680 -4.751821 0.244980
v 4.724925 -4.768287 0.203331
v 4.697614 -4.787073 0.155813
v 4.680795 -4.807457 0.104254
v 4.675117 -4.828656 0.050634
v 4.680795 -4.849854 -0.002986
v 4.697614 -4.870238 -0.054546
v 4.724925 -4.889025 -0.102063
v 4.761680 -4.905491 -0.143713
v 4.806467 -4.919004 -0.177894
v 4.857563 -4.929046 -0.203292
v 4.913006 -4.935229 -0.218933
v 4.970664 -5.056091 -0.222033
v 5.028323 -5.054004 -0.216752
v 5.083766 -5.047820 -0.201111
v 5.134861 -5.037779 -0.175713
v 5.179648 -5.024265 -0.141532
v 5.216403 -5.007799 -0.099882
v 5.243715 -4.989013 -0.052365
v 5.260533 -4.968629 -0.000806
v 5.266212 -4.947431 0.052815
v 5.260533 -4.926231 0.106435
v 5.243715 -4.905848 0.157994
v 5.216403 -4.887061 0.205512
v 5.179648 -4.870595 0.247161
v 5.134861 -4.857082 0.281342
v 5.083766 -4.847040 0.306741
v 5.028323 -4.840858 0.322381
v 4.970664 -4.838769 0.327662
v 4.913006 -4.840858 0.322381
v 4.857563 -4.847040 0.306741
v 4.806467 -4.857082 0.281342
v 4.761680 -4.870595 0.247161
v 4.724925 -4.887061 0.205512
v 4.697614 -4.905848 0.157994
v 4.680795 -4.926231 0.106435
v 4.675117 -4.947431 0.052815
v 4.680795 -4.968629 -0.000805
v 4.697614 -4.989013 -0.052365
v 4.724925 -5.007799 -0.099882
v 4.761680 -5.024265 -0.141532
v 4.806467 -5.037779 -0.175713
v 4.857563 -5.047820 -0.201111
v 4.913006 -5.054004 -0.216752
v 4.970664 -4.937317 -0.224214
v 5.028323 -4.935229 -0.218933
v 5.083766 -4.929046 -0.203292
v 5.134861 -4.919004 -0.177894
v 5.179648 -4.905491 -0.143713
v 5.216403 -4.889025 -0.102063
v 5.243715 -4.870238 -0.054546
v 5.260533 -4.849854 -0.002986
v 5.266212 -4.828656 0.050634
v 5.260533 -4.807457 0.104254
v 5.243715 -4.787073 0.155813
v 5.216403 -4.768287 0.203331
v 5.179648 -4.751821 0.244980
v 5.134861 -4.738307 0.279161
v 5.083766 -4.728266 0.304560
v 5.028323 -4.722083 0.320200
v 4.970664 -4.719995 0.325481
v 4.913006 -4.722083 0.320200
v 4.857563 -4.728266 0.304560
v 4.806467 -4.738307 0.279161
v 4.761680 -4.751821 0.244980
v 4.724925 -4.768287 0.203331
v 4.697614 -4.787073 0.155813
v 4.680795 -4.807457 0.104254
v 4.675117 -4.828656 0.050634
v 4.680795 -4.849854 -0.002986
v 4.697614 -4.870238 -0.054546
v 4.724925 -4.889025 -0.102063
v 4.761680 -4.905491 -0.143713
v 4.806467 -4.919004 -0.177894
v 4.857563 -4.929046 -0.203292
v 4.913006 -4.935229 -0.218933
v 4.970662 -4.511433 0.336241
v 4.913003 -4.513076 0.330805
v 4.857561 -4.517942 0.314706
v 4.806465 -4.525845 0.288563
v 4.761678 -4.536480 0.253380
v 4.724923 -4.549439 0.210510
v 4.697611 -4.564224 0.161599
v 4.680793 -4.580267 0.108528
v 4.675114 -4.596951 0.053336
v 4.680793 -4.613634 -0.001856
v 4.697611 -4.629677 -0.054927
v 4.724923 -4.644462 -0.103837
v 4.761678 -4.657421 -0.146708
v 4.806464 -4.668056 -0.181890
v 4.857561 -4.675959 -0.208034
v 4.913003 -4.680825 -0.224133
v 4.970662 -4.682468 -0.229569
v 5.028320 -4.680825 -0.224133
v 5.083763 -4.675959 -0.208034
v 5.134860 -4.668056 -0.181891
v 5.179646 -4.657421 -0.146708
v 5.216401 -4.644462 -0.103837
v 5.243712 -4.629677 -0.054927
v 5.260531 -4.613634 -0.001856
v 5.266210 -4.596951 0.053336
v 5.260531 -4.580267 0.108528
v 5.243712 -4.564224 0.161599
v 5.216401 -4.549439 0.210510
v 5.179646 -4.536480 0.253380
v 5.134860 -4.525845 0.288563
v 5.083763 -4.517942 0.314706
v 5.028320 -4.513076 0.330805
v 4.970662 -4.631004 0.333278
v 4.913003 -4.632648 0.327842
v 4.857561 -4.637514 0.311743
v 4.806465 -4.645416 0.285600
v 4.761678 -4.656052 0.250417
v 4.724923 -4.669011 0.207546
v 4.697611 -4.683795 0.158636
v 4.680793 -4.699838 0.105565
v 4.675114 -4.716522 0.050373
v 4.680793 -4.733205 -0.004819
v 4.697611 -4.749248 -0.057890
v 4.724923 -4.764032 -0.106801
v 4.761678 -4.776991 -0.149671
v 4.806465 -4.787627 -0.184854
v 4.857561 -4.795529 -0.210997
v 4.913003 -4.800396 -0.227096
v 4.970662 -4.802039 -0.232532
v 5.028320 -4.800396 -0.227096
v 5.083763 -4.795529 -0.210997
v 5.134860 -4.787627 -0.184854
v 5.179646 -4.776991 -0.149671
v 5.216401 -4.764032 -0.106801
v 5.243712 -4.749248 -0.057890
v 5.260531 -4.733205 -0.004819
v 5.266210 -4.716522 0.050373
v 5.260531 -4.699838 0.105565
v 5.243712 -4.683795 0.158636
v 5.216401 -4.669011 0.207546
v 5.179646 -4.656052 0.250417
v 5.134860 -4.645416 0.285600
v 5.083763 -4.637514 0.311743
v 5.028320 -4.632648 0.327842
v 4.970662 -4.825183 0.325221
v 4.913003 -4.823095 0.319939
v 4.857561 -4.816911 0.304299
v 4.806465 -4.806870 0.278900
v 4.761678 -4.793356 0.244720
v 4.724923 -4.776891 0.203070
v 4.697611 -4.758104 0.155553
v 4.680793 -4.737720 0.103993
v 4.675114 -4.716522 0.050373
v 4.680793 -4.695323 -0.003247
v 4.697611 -4.674939 -0.054807
v 4.724923 -4.656153 -0.102324
v 4.761678 -4.639687 -0.143974
v 4.806465 -4.626173 -0.178154
v 4.857561 -4.616132 -0.203553
v 4.913003 -4.609949 -0.219193
v 4.970662 -4.607861 -0.224475
v 5.028320 -4.609949 -0.219193
v 5.083763 -4.616132 -0.203553
v 5.134860 -4.626173 -0.178154
v 5.179646 -4.639687 -0.143974
v 5.216401 -4.656153 -0.102324
v 5.243712 -4.674939 -0.054807
v 5.260531 -4.695323 -0.003247
v 5.266210 -4.716522 0.050373
v 5.260531 -4.737720 0.103993
v 5.243712 -4.758104 0.155553
v 5.216401 -4.776891 0.203070
v 5.179646 -4.793356 0.244720
v 5.134860 -4.806870 0.278900
v 5.083763 -4.816911 0.304299
v 5.028320 -4.823095 0.319939
v 4.970662 -4.706409 0.327401
v 4.913003 -4.704320 0.322120
v 4.857561 -4.698137 0.306480
v 4.806465 -4.688096 0.281081
v 4.761678 -4.674582 0.246901
v 4.724923 -4.658116 0.205251
v 4.697611 -4.639330 0.157734
v 4.680793 -4.618946 0.106174
v 4.675114 -4.597747 0.052554
v 4.680793 -4.576549 -0.001066
v 4.697611 -4.556164 -0.052626
v 4.724923 -4.537378 -0.100143
v 4.761678 -4.520912 -0.141793
v 4.806465 -4.507399 -0.175973
v 4.857561 -4.497357 -0.201372
v 4.913003 -4.491174 -0.217013
v 4.970662 -4.489086 -0.222294
v 5.028320 -4.491174 -0.217013
v 5.083763 -4.497357 -0.201372
v 5.134860 -4.507399 -0.175974
v 5.179646 -4.520912 -0.141793
v 5.216401 -4.537378 -0.100143
v 5.243712 -4.556164 -0.052626
v 5.260531 -4.576549 -0.001066
v 5.266210 -4.597747 0.052554
v 5.260531 -4.618946 0.106174
v 5.243712 -4.639330 0.157733
v 5.216401 -4.658116 0.205251
v 5.179646 -4.674582 0.246900
v 5.134860 -4.688096 0.281081
v 5.083763 -4.698137 0.306480
v 5.028320 -4.704320 0.322120
v 4.970662 -4.825183 0.325221
v 4.913003 -4.823095 0.319939
v 4.857561 -4.816911 0.304299
v 4.806465 -4.806870 0.278900
v 4.761678 -4.793356 0.244720
v 4.724923 -4.776891 0.203070
v 4.697611 -4.758104 0.155553
v 4.680793 -4.737720 0.103993
v 4.675114 -4.716522 0.050373
v 4.680793 -4.695323 -0.003247
v 4.697611 -4.674939 -0.054807
v 4.724923 -4.656153 -0.102324
v 4.761678 -4.639687 -0.143974
v 4.806465 -4.626173 -0.178154
v 4.857561 -4.616132 -0.203553
v 4.913003 -4.609949 -0.219193
v 4.970662 -4.607861 -0.224475
v 5.028320 -4.609949 -0.219193
v 5.083763 -4.616132 -0.203553
v 5.134860 -4.626173 -0.178154
v 5.179646 -4.639687 -0.143974
v 5.216401 -4.656153 -0.102324
v 5.243712 -4.674939 -0.054807
v 5.260531 -4.695323 -0.003247
v 5.266210 -4.716522 0.050373
v 5.260531 -4.737720 0.103993
v 5.243712 -4.758104 0.155553
v 5.216401 -4.776891 0.203070
v 5.179646 -4.793356 0.244720
v 5.134860 -4.806870 0.278900
v 5.083763 -4.816911 0.304299
v 5.028320 -4.823095 0.319939
v 4.970662 -4.706409 0.327401
v 4.913003 -4.704320 0.322120
v 4.857561 -4.698137 0.306480
v 4.806465 -4.688096 0.281081
v 4.761678 -4.674582 0.246901
v 4.724923 -4.658116 0.205251
v 4.697611 -4.639330 0.157734
v 4.680793 -4.618946 0.106174
v 4.675114 -4.597747 0.052554
v 4.680793 -4.576549 -0.001066
v 4.697611 -4.556164 -0.052626
v 4.724923 -4.537378 -0.100143
v 4.761678 -4.520912 -0.141793
v 4.806465 -4.507399 -0.175973
v 4.857561 -4.497357 -0.201372
v 4.913003 -4.491174 -0.217013
v 4.970662 -4.489086 -0.222294
v 5.028320 -4.491174 -0.217013
v 5.083763 -4.497357 -0.201372
v 5.134860 -4.507399 -0.175974
v 5.179646 -4.520912 -0.141793
v 5.216401 -4.537378 -0.100143
v 5.243712 -4.556164 -0.052626
v 5.260531 -4.576549 -0.001066
v 5.266210 -4.597747 0.052554
v 5.260531 -4.618946 0.106174
v 5.243712 -4.639330 0.157733
v 5.216401 -4.658116 0.205251
v 5.179646 -4.674582 0.246900
v 5.134860 -4.688096 0.281081
v 5.083763 -4.698137 0.306480
v 5.028320 -4.704320 0.322120
v 5.338379 -2.298734 -1.102550
v 5.338379 -2.531457 -1.102550
v 5.337911 -2.106846 0.065640
v 5.034091 -2.463115 0.431308
v 4.591819 -2.298734 -1.102550
v 4.591819 -2.531457 -1.102550
v 4.591915 -2.106832 0.065903
v 4.850605 -2.463115 0.431308
v 5.378281 -2.415095 -1.142452
v 5.073993 -2.346753 0.471210
v 4.810703 -2.346753 0.471210
v 4.551916 -2.415095 -1.142452
v 5.338379 -2.106776 0.049338
v 5.338379 -2.632654 0.058028
v 4.591819 -2.106776 0.049338
v 4.591819 -2.632654 0.058028
v 4.551916 -2.346753 0.058028
v 5.378281 -2.346753 0.058028
v 4.591819 -2.298734 1.217454
v 4.591819 -2.531457 1.217454
v 5.338379 -2.298734 1.217454
v 5.338379 -2.531457 1.217454
v 4.551916 -2.415095 1.257357
v 5.378281 -2.415095 1.257357
v 4.591819 -2.106776 0.065566
v 4.591819 -2.632654 0.056876
v 5.338379 -2.106776 0.065566
v 5.338379 -2.632654 0.056876
v 5.378282 -2.346753 0.056876
v 4.551917 -2.346753 0.056876
vn 1.0000 -0.0000 -0.0000
vn -1.0000 -0.0000 -0.0000
vn -0.8783 0.0241 -0.4774
vn -0.7303 0.4163 0.5417
vn 0.2717 -0.9341 -0.2318
vn -0.7303 0.4163 -0.5417
vn 0.2717 -0.9341 0.2318
vn -0.8783 0.0241 0.4774
vn 0.8783 0.0241 0.4774
vn -0.2717 -0.9341 0.2318
vn 0.7303 0.4163 -0.5417
vn -0.2717 -0.9341 -0.2318
vn 0.7303 0.4163 0.5417
vn 0.8783 0.0241 -0.4774
vn 0.0980 -0.0000 -0.9952
vn 0.2903 -0.0000 -0.9569
vn 0.4714 -0.0000 -0.8819
vn 0.6344 -0.0000 -0.7730
vn 0.7730 -0.0000 -0.6344
vn 0.8819 -0.0000 -0.4714
vn 0.9569 -0.0000 -0.2903
vn 0.9952 -0.0000 -0.0980
vn 0.9952 -0.0000 0.0980
vn 0.9569 -0.0000 0.2903
vn 0.8819 -0.0000 0.4714
vn 0.7730 -0.0000 0.6344
vn 0.6344 -0.0000 0.7730
vn 0.4714 -0.0000 0.8819
vn 0.2903 -0.0000 0.9569
vn 0.0980 -0.0000 0.9952
vn -0.0980 -0.0000 0.9952
vn -0.2903 -0.0000 0.9569
vn -0.4714 -0.0000 0.8819
vn -0.6344 -0.0000 0.7730
vn -0.7730 -0.0000 0.6344
vn -0.8819 -0.0000 0.4714
vn -0.9569 -0.0000 0.2903
vn -0.9952 -0.0000 0.0980
vn -0.9952 -0.0000 -0.0980
vn -0.9569 -0.0000 -0.2903
vn -0.8819 -0.0000 -0.4714
vn -0.7730 -0.0000 -0.6344
vn -0.6344 -0.0000 -0.7730
vn -0.4714 -0.0000 -0.8819
vn -0.0000 1.0000 -0.0000
vn -0.2903 -0.0000 -0.9569
vn -0.0980 -0.0000 -0.9952
vn -0.0000 -1.0000 -0.0000
vn 0.9201 0.3811 0.0906
vn -0.8847 0.3811 0.2684
vn 0.8847 0.3811 0.2684
vn -0.9201 0.3811 0.0906
vn 0.8154 0.3811 0.4358
vn -0.9201 0.3811 -0.0906
vn 0.7147 0.3811 0.5865
vn -0.8847 0.3811 -0.2684
vn 0.5865 0.3811 0.7147
vn -0.8154 0.3811 -0.4358
vn 0.4358 0.3811 0.8154
vn 0.0906 0.3811 -0.9201
vn -0.7147 0.3811 -0.5865
vn 0.2684 0.3811 0.8847
vn 0.2684 0.3811 -0.8847
vn -0.5865 0.3811 -0.7147
vn 0.0906 0.3811 0.9201
vn 0.4358 0.3811 -0.8154
vn -0.4358 0.3811 -0.8154
vn -0.0906 0.3811 0.9201
vn 0.5865 0.3811 -0.7147
vn -0.2684 0.3811 -0.8847
vn -0.2684 0.3811 0.8847
vn 0.7147 0.3811 -0.5865
vn -0.0906 0.3811 -0.9201
vn -0.4358 0.3811 0.8154
vn 0.8154 0.3811 -0.4358
vn -0.5865 0.3811 0.7147
vn 0.8847 0.3811 -0.2684
vn -0.7147 0.3811 0.5865
vn 0.9201 0.3811 -0.0906
vn -0.8154 0.3811 0.4358
vn -0.4960 -0.6234 0.6044
vn 0.7483 -0.6234 -0.2270
vn -0.6044 -0.6234 0.4960
vn 0.7782 -0.6234 -0.0766
vn -0.6896 -0.6234 0.3686
vn 0.7782 -0.6234 0.0766
vn -0.7483 -0.6234 0.2270
vn 0.7483 -0.6234 0.2270
vn -0.7782 -0.6234 0.0766
vn 0.6896 -0.6234 0.3686
vn -0.7782 -0.6234 -0.0766
vn 0.6044 -0.6234 0.4960
vn -0.7482 -0.6234 -0.2270
vn 0.4960 -0.6234 0.6044
vn -0.6896 -0.6234 -0.3686
vn 0.3686 -0.6234 0.6896
vn 0.0766 -0.6234 -0.7782
vn -0.6044 -0.6234 -0.4960
vn 0.2270 -0.6234 0.7483
vn 0.2270 -0.6234 -0.7483
vn -0.4960 -0.6234 -0.6044
vn 0.0766 -0.6234 0.7782
vn 0.3686 -0.6234 -0.6896
vn -0.3686 -0.6234 -0.6896
vn -0.0766 -0.6234 0.7782
vn 0.4960 -0.6234 -0.6044
vn -0.2270 -0.6234 -0.7483
vn -0.2270 -0.6234 0.7483
vn 0.6044 -0.6234 -0.4960
vn -0.0766 -0.6234 -0.7782
vn -0.3686 -0.6234 0.6896
vn 0.6896 -0.6234 -0.3686
vn 0.6776 0.6400 0.3622
vn -0.3622 0.6400 -0.6776
vn -0.0753 0.6400 0.7647
vn 0.5940 0.6400 0.4874
vn -0.2230 0.6400 -0.7353
vn -0.2230 0.6400 0.7353
vn 0.4874 0.6400 0.5940
vn -0.0753 0.6400 -0.7647
vn -0.3622 0.6400 0.6776
vn 0.3622 0.6400 0.6776
vn 0.0753 0.6400 -0.7647
vn -0.4874 0.6400 0.5940
vn 0.2230 0.6400 0.7353
vn 0.2230 0.6400 -0.7353
vn -0.5940 0.6400 0.4874
vn 0.0753 0.6400 0.7647
vn 0.3622 0.6400 -0.6776
vn -0.6776 0.6400 0.3622
vn 0.4874 0.6400 -0.5940
vn -0.7353 0.6400 0.2230
vn 0.5940 0.6400 -0.4874
vn -0.7647 0.6400 0.0753
vn 0.6776 0.6400 -0.3622
vn -0.7647 0.6400 -0.0753
vn 0.7353 0.6400 -0.2230
vn -0.7353 0.6400 -0.2230
vn 0.7647 0.6400 -0.0753
vn -0.6776 0.6400 -0.3622
vn 0.7647 0.6400 0.0753
vn -0.5940 0.6400 -0.4874
vn 0.7353 0.6400 0.2230
vn -0.4874 0.6400 -0.5940
vn -0.0000 0.9572 0.2894
vn -0.0000 -0.9572 -0.2894
vn 0.6148 0.0195 0.7885
vn -0.8715 -0.0122 -0.4903
vn 0.4527 0.0221 0.8914
vn 0.0931 -0.0247 -0.9953
vn -0.7567 -0.0162 -0.6536
vn 0.2768 0.0238 0.9606
vn 0.2768 -0.0238 -0.9606
vn -0.6148 -0.0195 -0.7885
vn 0.0931 0.0247 0.9953
vn 0.4527 -0.0221 -0.8914
vn -0.4527 -0.0221 -0.8914
vn -0.0931 0.0247 0.9953
vn 0.6148 -0.0195 -0.7885
vn -0.2768 -0.0238 -0.9606
vn -0.2768 0.0238 0.9606
vn 0.7567 -0.0162 -0.6536
vn -0.0931 -0.0247 -0.9953
vn -0.4527 0.0221 0.8914
vn 0.8715 -0.0122 -0.4903
vn -0.6148 0.0195 0.7885
vn 0.9526 -0.0075 -0.3042
vn -0.7567 0.0162 0.6536
vn 0.9947 -0.0026 -0.1031
vn -0.8715 0.0122 0.4903
vn 0.9947 0.0026 0.1031
vn -0.9526 0.0075 0.3042
vn 0.9526 0.0075 0.3042
vn -0.9947 0.0026 0.1031
vn 0.8715 0.0122 0.4903
vn -0.9947 -0.0026 -0.1031
vn 0.7567 0.0162 0.6536
vn -0.9526 -0.0075 -0.3042
vn -0.0000 0.9300 -0.3677
vn -0.0000 -0.9300 0.3677
vn -0.6094 0.0146 0.7927
vn 0.2733 0.0177 0.9618
vn 0.2733 -0.0177 -0.9618
vn -0.7521 0.0121 0.6589
vn 0.0919 0.0183 0.9956
vn 0.4476 -0.0164 -0.8941
vn -0.8685 0.0091 0.4956
vn 0.6094 -0.0146 -0.7927
vn -0.9513 0.0057 0.3081
vn 0.7521 -0.0121 -0.6589
vn -0.9945 0.0019 0.1046
vn 0.8685 -0.0091 -0.4956
vn -0.9945 -0.0019 -0.1046
vn 0.9513 -0.0057 -0.3081
vn -0.9513 -0.0057 -0.3081
vn 0.9945 -0.0019 -0.1046
vn -0.8685 -0.0091 -0.4956
vn 0.9945 0.0019 0.1046
vn -0.7521 -0.0121 -0.6589
vn 0.9513 0.0057 0.3081
vn -0.6094 -0.0146 -0.7927
vn 0.8685 0.0091 0.4956
vn -0.4476 -0.0164 -0.8941
vn -0.0919 0.0183 0.9956
vn 0.7521 0.0121 0.6589
vn -0.2733 -0.0177 -0.9618
vn -0.2733 0.0177 0.9618
vn 0.6094 0.0146 0.7927
vn -0.0919 -0.0183 -0.9956
vn -0.4476 0.0164 0.8941
vn 0.4476 0.0164 0.8941
vn 0.0919 -0.0183 -0.9956
vn -0.0000 0.9572 -0.2894
vn -0.0000 -0.9572 0.2894
vn -0.6148 0.0195 -0.7885
vn 0.8715 -0.0122 0.4903
vn -0.4527 0.0221 -0.8914
vn -0.0931 -0.0247 0.9953
vn 0.7567 -0.0162 0.6536
vn -0.2768 0.0238 -0.9606
vn -0.2768 -0.0238 0.9606
vn 0.6148 -0.0195 0.7885
vn -0.0931 0.0247 -0.9953
vn -0.4527 -0.0221 0.8914
vn 0.4527 -0.0221 0.8914
vn 0.0931 0.0247 -0.9953
vn -0.6148 -0.0195 0.7885
vn 0.2768 -0.0238 0.9606
vn 0.2768 0.0238 -0.9606
vn -0.7567 -0.0162 0.6536
vn 0.0931 -0.0247 0.9953
vn 0.4527 0.0221 -0.8914
vn -0.8715 -0.0122 0.4903
vn 0.6148 0.0195 -0.7885
vn -0.9526 -0.0075 0.3042
vn 0.7567 0.0162 -0.6536
vn -0.9947 -0.0026 0.1031
vn 0.8715 0.0122 -0.4903
vn -0.9947 0.0026 -0.1031
vn 0.9526 0.0075 -0.3042
vn -0.9526 0.0075 -0.3042
vn 0.9947 0.0026 -0.1031
vn -0.8715 0.0122 -0.4903
vn 0.9947 -0.0026 0.1031
vn -0.7567 0.0162 -0.6536
vn 0.9526 -0.0075 0.3042
vn 0.6094 0.0146 -0.7927
vn -0.2733 0.0177 -0.9618
vn -0.2733 -0.0177 0.9618
vn 0.7521 0.0121 -0.6589
vn -0.0919 0.0183 -0.9956
vn -0.4476 -0.0164 0.8941
vn 0.8685 0.0091 -0.4956
vn -0.6094 -0.0146 0.7927
vn 0.9513 0.0057 -0.3081
vn -0.7521 -0.0121 0.6589
vn 0.9945 0.0019 -0.1046
vn -0.8685 -0.0091 0.4956
vn 0.9945 -0.0019 0.1046
vn -0.9513 -0.0057 0.3081
vn 0.9513 -0.0057 0.3081
vn -0.9945 -0.0019 0.1046
vn 0.8685 -0.0091 0.4956
vn -0.9945 0.0019 -0.1046
vn 0.7521 -0.0121 0.6589
vn -0.9513 0.0057 -0.3081
vn 0.6094 -0.0146 0.7927
vn -0.8685 0.0091 -0.4956
vn 0.4476 -0.0164 0.8941
vn 0.0919 0.0183 -0.9956
vn -0.7521 0.0121 -0.6589
vn 0.2733 -0.0177 0.9618
vn 0.2733 0.0177 -0.9618
vn -0.6094 0.0146 -0.7927
vn 0.0919 -0.0183 0.9956
vn 0.4476 0.0164 -0.8941
vn -0.4476 0.0164 -0.8941
vn -0.0919 -0.0183 0.9956
vn -0.0000 0.9300 0.3677
vn -0.0000 -0.9300 -0.3677
vn -0.7505 0.2110 -0.6263
vn -0.0000 0.3244 -0.9459
vn 0.9808 0.1949 0.0027
vn -0.0000 0.3244 0.9459
vn -0.0000 -0.9864 0.1644
vn -0.0000 0.9962 0.0869
vn -0.0000 -0.3244 0.9459
vn 0.9751 -0.2205 0.0244
vn -0.0001 -0.8606 -0.5093
vn -0.8098 -0.1180 -0.5747
vn -0.9751 -0.2205 0.0244
vn 0.8499 -0.1249 -0.5120
vn -0.0000 0.9105 -0.4135
vn -0.0000 -1.0000 -0.0038
vn 0.7942 0.2140 -0.5688
vn -0.9808 0.1949 0.0027
vn -0.9808 0.1949 -0.0027
vn -0.0000 -0.9864 -0.1644
vn -0.0000 0.9962 -0.0869
vn -0.0000 -0.3244 -0.9459
vn -0.9751 -0.2205 -0.0244
vn 0.9751 -0.2205 -0.0244
vn 0.9808 0.1949 -0.0027
vt 0.362577 0.670591
vt 0.307082 0.653389
vt 0.251582 0.670591
vt 0.275522 0.081266
vt 0.338791 0.081266
vt 0.307162 0.040291
vt 0.046835 0.670589
vt 0.070698 0.081286
vt 0.133969 0.081286
vt 0.157832 0.670589
vt 0.102334 0.653388
vt 0.102333 0.040313
vt 0.149722 0.081042
vt 0.185468 0.670344
vt 0.054945 0.081042
vt 0.102333 0.019199
vt 0.658194 0.567065
vt 0.658194 0.488011
vt 0.669986 0.515253
vt 0.669986 0.567065
vt 0.658194 0.651909
vt 0.669986 0.624668
vt 0.019199 0.670344
vt 0.354462 0.081044
vt 0.390131 0.670369
vt 0.646402 0.624668
vt 0.646402 0.567065
vt 0.259688 0.081044
vt 0.307083 0.019199
vt 0.646402 0.515253
vt 0.223866 0.670369
vt 0.510953 0.516150
vt 0.510953 0.287860
vt 0.515003 0.287818
vt 0.515003 0.516108
vt 0.518896 0.287694
vt 0.518896 0.515984
vt 0.522484 0.287494
vt 0.522484 0.515784
vt 0.525629 0.287223
vt 0.525629 0.515513
vt 0.428529 0.516737
vt 0.428529 0.287227
vt 0.431692 0.287275
vt 0.431692 0.516785
vt 0.435293 0.287311
vt 0.435293 0.516821
vt 0.439195 0.287333
vt 0.439195 0.516843
vt 0.443246 0.287340
vt 0.443246 0.516850
vt 0.447292 0.287332
vt 0.447292 0.516842
vt 0.451178 0.287309
vt 0.451178 0.516819
vt 0.454752 0.287272
vt 0.454752 0.516782
vt 0.457880 0.287223
vt 0.457880 0.516733
vt 0.496278 0.247570
vt 0.496278 0.019199
vt 0.499423 0.019460
vt 0.499423 0.247832
vt 0.503011 0.019654
vt 0.503011 0.248026
vt 0.506904 0.019774
vt 0.506904 0.248145
vt 0.510953 0.019814
vt 0.510953 0.248186
vt 0.515002 0.019774
vt 0.515002 0.248145
vt 0.518896 0.019654
vt 0.518896 0.248026
vt 0.522484 0.019460
vt 0.522484 0.247832
vt 0.525629 0.019199
vt 0.525629 0.247570
vt 0.428529 0.248700
vt 0.428529 0.019199
vt 0.431674 0.019252
vt 0.431674 0.248753
vt 0.435262 0.019292
vt 0.435262 0.248793
vt 0.439156 0.019317
vt 0.439156 0.248818
vt 0.443205 0.019325
vt 0.443205 0.248826
vt 0.447254 0.019317
vt 0.447254 0.248818
vt 0.451147 0.019292
vt 0.451147 0.248793
vt 0.454735 0.019252
vt 0.454735 0.248753
vt 0.457880 0.019199
vt 0.457880 0.248700
vt 0.496278 0.515513
vt 0.496278 0.287223
vt 0.499423 0.287494
vt 0.499423 0.515784
vt 0.503011 0.287694
vt 0.503011 0.515984
vt 0.224661 0.823823
vt 0.223867 0.819832
vt 0.223866 0.815764
vt 0.224657 0.811773
vt 0.226211 0.808015
vt 0.228467 0.804632
vt 0.231339 0.801755
vt 0.234716 0.799494
vt 0.238469 0.797937
vt 0.242454 0.797144
vt 0.246516 0.797144
vt 0.250501 0.797937
vt 0.254255 0.799494
vt 0.257634 0.801755
vt 0.260507 0.804632
vt 0.262765 0.808015
vt 0.264321 0.811773
vt 0.265115 0.815764
vt 0.265116 0.819832
vt 0.264325 0.823823
vt 0.262771 0.827582
vt 0.260515 0.830964
vt 0.257643 0.833841
vt 0.254266 0.836102
vt 0.250513 0.837659
vt 0.246528 0.838452
vt 0.242465 0.838452
vt 0.238481 0.837659
vt 0.234727 0.836102
vt 0.231348 0.833841
vt 0.228475 0.830964
vt 0.226216 0.827582
vt 0.506904 0.287818
vt 0.506904 0.516108
vt 0.303514 0.819778
vt 0.303514 0.815710
vt 0.304296 0.811722
vt 0.305831 0.807968
vt 0.308060 0.804592
vt 0.310896 0.801724
vt 0.314231 0.799473
vt 0.317937 0.797926
vt 0.321871 0.797144
vt 0.325882 0.797155
vt 0.329816 0.797960
vt 0.333522 0.799527
vt 0.336857 0.801796
vt 0.339693 0.804681
vt 0.341922 0.808070
vt 0.343457 0.811832
vt 0.344239 0.815824
vt 0.344239 0.819892
vt 0.343457 0.823880
vt 0.341922 0.827634
vt 0.339693 0.831010
vt 0.336857 0.833879
vt 0.333522 0.836130
vt 0.329816 0.837676
vt 0.325882 0.838459
vt 0.321871 0.838448
vt 0.317937 0.837643
vt 0.314231 0.836076
vt 0.310896 0.833806
vt 0.308060 0.830922
vt 0.305831 0.827533
vt 0.304296 0.823770
vt 0.065015 0.822339
vt 0.064134 0.826772
vt 0.062406 0.830947
vt 0.059898 0.834704
vt 0.056706 0.837900
vt 0.052953 0.840410
vt 0.048783 0.842140
vt 0.044357 0.843021
vt 0.039845 0.843021
vt 0.035419 0.842140
vt 0.031251 0.840410
vt 0.027499 0.837900
vt 0.024309 0.834704
vt 0.021803 0.830947
vt 0.020078 0.826772
vt 0.019199 0.822339
vt 0.019200 0.817820
vt 0.020082 0.813388
vt 0.021810 0.809213
vt 0.024318 0.805456
vt 0.027510 0.802260
vt 0.031262 0.799749
vt 0.035432 0.798020
vt 0.039858 0.797138
vt 0.044371 0.797138
vt 0.048796 0.798020
vt 0.052965 0.799749
vt 0.056716 0.802260
vt 0.059906 0.805456
vt 0.062412 0.809213
vt 0.064138 0.813388
vt 0.065017 0.817820
vt 0.775491 0.897902
vt 0.775813 0.901652
vt 0.750033 0.901652
vt 0.749711 0.897902
vt 0.911427 0.505486
vt 0.911436 0.509980
vt 0.907318 0.510322
vt 0.907309 0.505498
vt 0.428632 0.898034
vt 0.428660 0.893709
vt 0.432781 0.894040
vt 0.432751 0.898682
vt 0.911461 0.514295
vt 0.907345 0.514954
vt 0.428669 0.889212
vt 0.432790 0.889212
vt 0.911502 0.518266
vt 0.907389 0.519216
vt 0.428660 0.884715
vt 0.432781 0.884384
vt 0.911556 0.521740
vt 0.907447 0.522945
vt 0.428632 0.880390
vt 0.432751 0.879742
vt 0.909135 0.577353
vt 0.908845 0.580847
vt 0.904636 0.579906
vt 0.904948 0.576156
vt 0.428588 0.876405
vt 0.432704 0.875464
vt 0.908629 0.584832
vt 0.904405 0.584184
vt 0.779297 0.884154
vt 0.779343 0.888651
vt 0.775104 0.888982
vt 0.775055 0.884154
vt 0.428529 0.872911
vt 0.432640 0.871714
vt 0.908497 0.589157
vt 0.904262 0.588827
vt 0.779480 0.892976
vt 0.775252 0.893624
vt 0.780003 0.867853
vt 0.779703 0.871347
vt 0.775491 0.870406
vt 0.775813 0.866656
vt 0.908452 0.593654
vt 0.904214 0.593654
vt 0.779703 0.896962
vt 0.779480 0.875332
vt 0.775252 0.874684
vt 0.908497 0.598152
vt 0.904262 0.598482
vt 0.780003 0.900455
vt 0.779343 0.879657
vt 0.775104 0.879326
vt 0.908629 0.602476
vt 0.904405 0.603124
vt 0.911552 0.489139
vt 0.911498 0.492652
vt 0.907385 0.491721
vt 0.907443 0.487950
vt 0.908845 0.606462
vt 0.904636 0.607402
vt 0.911459 0.496652
vt 0.907343 0.496015
vt 0.909135 0.609955
vt 0.904948 0.611152
vt 0.911435 0.500986
vt 0.907317 0.500667
vt 0.428529 0.905513
vt 0.428588 0.902020
vt 0.432704 0.902960
vt 0.432640 0.906710
vt 0.143781 0.802559
vt 0.147220 0.805940
vt 0.144470 0.808840
vt 0.141514 0.805933
vt 0.749325 0.879326
vt 0.749472 0.874684
vt 0.878616 0.603124
vt 0.878473 0.598482
vt 0.881468 0.491721
vt 0.881525 0.487950
vt 0.749275 0.884154
vt 0.878847 0.607402
vt 0.881425 0.496015
vt 0.879159 0.611152
vt 0.881399 0.500667
vt 0.458621 0.902960
vt 0.458557 0.906710
vt 0.881391 0.505498
vt 0.458668 0.898682
vt 0.881401 0.510322
vt 0.458697 0.894040
vt 0.881428 0.514954
vt 0.458707 0.889212
vt 0.881471 0.519216
vt 0.458697 0.884384
vt 0.881530 0.522945
vt 0.458668 0.879742
vt 0.878847 0.579906
vt 0.879159 0.576156
vt 0.458621 0.875464
vt 0.878616 0.584184
vt 0.749325 0.888982
vt 0.458557 0.871714
vt 0.878473 0.588827
vt 0.749472 0.893624
vt 0.749711 0.870406
vt 0.750033 0.866656
vt 0.878425 0.593654
vt 0.126041 0.843013
vt 0.121949 0.842211
vt 0.118093 0.840638
vt 0.114620 0.838354
vt 0.111663 0.835447
vt 0.109337 0.832029
vt 0.107731 0.828231
vt 0.106906 0.824199
vt 0.106895 0.820088
vt 0.107697 0.816056
vt 0.109282 0.812258
vt 0.111589 0.808840
vt 0.114529 0.805933
vt 0.117989 0.803649
vt 0.121837 0.802075
vt 0.125924 0.801273
vt 0.130093 0.801273
vt 0.134184 0.802075
vt 0.138041 0.803649
vt 0.146796 0.812258
vt 0.148402 0.816056
vt 0.149227 0.820088
vt 0.149239 0.824199
vt 0.148437 0.828231
vt 0.146852 0.832029
vt 0.144545 0.835447
vt 0.141605 0.838354
vt 0.138145 0.840638
vt 0.134297 0.842211
vt 0.130210 0.843013
vt 0.877127 0.501321
vt 0.877150 0.497322
vt 0.149926 0.809917
vt 0.877120 0.505473
vt 0.462937 0.897352
vt 0.462897 0.901030
vt 0.877129 0.509620
vt 0.462962 0.893362
vt 0.877152 0.513602
vt 0.462971 0.889212
vt 0.106284 0.809917
vt 0.108968 0.805940
vt 0.462962 0.885062
vt 0.112388 0.802559
vt 0.462937 0.881072
vt 0.116414 0.799902
vt 0.462897 0.877394
vt 0.120890 0.798071
vt 0.745368 0.888304
vt 0.745325 0.884154
vt 0.462842 0.874171
vt 0.125644 0.797138
vt 0.745495 0.892294
vt 0.745700 0.872336
vt 0.745977 0.869113
vt 0.130494 0.797138
vt 0.745700 0.895972
vt 0.745495 0.876014
vt 0.135254 0.798071
vt 0.745977 0.899195
vt 0.745368 0.880004
vt 0.139740 0.799902
vt 0.877186 0.493631
vt 0.877236 0.490390
vt 0.481477 0.719550
vt 0.480787 0.724704
vt 0.479106 0.729625
vt 0.476498 0.734123
vt 0.473065 0.738025
vt 0.468937 0.741181
vt 0.464274 0.743471
vt 0.459255 0.744805
vt 0.454072 0.745133
vt 0.448925 0.744442
vt 0.444012 0.742759
vt 0.439521 0.740148
vt 0.435625 0.736710
vt 0.432473 0.732577
vt 0.430188 0.727907
vt 0.428856 0.722881
vt 0.428529 0.717690
vt 0.429219 0.712536
vt 0.430900 0.707615
vt 0.433508 0.703117
vt 0.436941 0.699215
vt 0.441069 0.696059
vt 0.445732 0.693769
vt 0.450751 0.692435
vt 0.455934 0.692107
vt 0.461081 0.692798
vt 0.465994 0.694481
vt 0.470485 0.697092
vt 0.474381 0.700530
vt 0.477533 0.704663
vt 0.479818 0.709333
vt 0.481150 0.714359
vt 0.856752 0.023902
vt 0.856698 0.029254
vt 0.834062 0.029252
vt 0.834116 0.023899
vt 0.861928 0.051184
vt 0.861974 0.055753
vt 0.856752 0.058175
vt 0.856698 0.052862
vt 0.833604 0.195663
vt 0.833861 0.191076
vt 0.839406 0.192728
vt 0.839108 0.198060
vt 0.834322 0.378137
vt 0.834270 0.372961
vt 0.839828 0.372119
vt 0.839888 0.378137
vt 0.475723 0.741172
vt 0.470924 0.744842
vt 0.834019 0.186099
vt 0.839590 0.186941
vt 0.834117 0.367985
vt 0.839651 0.366333
vt 0.833535 0.396896
vt 0.833869 0.392876
vt 0.839362 0.395274
vt 0.838974 0.399948
vt 0.834072 0.180924
vt 0.839652 0.180924
vt 0.833869 0.363398
vt 0.839362 0.361000
vt 0.834117 0.388290
vt 0.839651 0.389941
vt 0.834019 0.175748
vt 0.839590 0.174906
vt 0.833535 0.359378
vt 0.838974 0.356326
vt 0.834270 0.383313
vt 0.839828 0.384155
vt 0.833861 0.170771
vt 0.839406 0.169120
vt 0.472724 0.693580
vt 0.477254 0.697577
vt 0.833604 0.166185
vt 0.839108 0.163787
vt 0.833604 0.283832
vt 0.833655 0.279246
vt 0.838893 0.280897
vt 0.838834 0.286230
vt 0.432193 0.739643
vt 0.428529 0.734838
vt 0.833686 0.274269
vt 0.838929 0.275111
vt 0.436723 0.743641
vt 0.833697 0.269093
vt 0.838942 0.269093
vt 0.861974 0.026276
vt 0.861928 0.030879
vt 0.833686 0.263918
vt 0.838929 0.263076
vt 0.861900 0.035866
vt 0.856665 0.035053
vt 0.833655 0.258941
vt 0.838893 0.257289
vt 0.861890 0.041045
vt 0.856654 0.041074
vt 0.833604 0.254354
vt 0.838834 0.251957
vt 0.861900 0.046217
vt 0.856665 0.047088
vt 0.433724 0.696048
vt 0.438523 0.692379
vt 0.429732 0.700585
vt 0.646402 0.723946
vt 0.646402 0.717900
vt 0.647565 0.711974
vt 0.649846 0.706394
vt 0.653158 0.701377
vt 0.657373 0.697113
vt 0.662330 0.693768
vt 0.667837 0.691470
vt 0.673684 0.690307
vt 0.679645 0.690324
vt 0.685492 0.691520
vt 0.691000 0.693849
vt 0.695956 0.697222
vt 0.700172 0.701508
vt 0.703484 0.706545
vt 0.705765 0.712137
vt 0.706928 0.718070
vt 0.706928 0.724116
vt 0.705765 0.730042
vt 0.703484 0.735621
vt 0.700172 0.740639
vt 0.695956 0.744902
vt 0.691000 0.748247
vt 0.685492 0.750546
vt 0.679645 0.751709
vt 0.673684 0.751692
vt 0.667837 0.750496
vt 0.662330 0.748167
vt 0.657373 0.744794
vt 0.653158 0.740507
vt 0.649846 0.735471
vt 0.647565 0.729879
vt 0.861564 0.263076
vt 0.861576 0.269093
vt 0.834029 0.035050
vt 0.861527 0.257289
vt 0.834018 0.041071
vt 0.861468 0.251957
vt 0.834029 0.047085
vt 0.838754 0.247283
vt 0.861389 0.247283
vt 0.834062 0.052859
vt 0.838706 0.202735
vt 0.861623 0.198060
vt 0.861221 0.202735
vt 0.834116 0.058172
vt 0.861921 0.192728
vt 0.862351 0.372119
vt 0.862411 0.378137
vt 0.856824 0.062822
vt 0.834188 0.062819
vt 0.862105 0.186941
vt 0.862174 0.366333
vt 0.861885 0.395274
vt 0.861497 0.399948
vt 0.862167 0.180924
vt 0.861885 0.361000
vt 0.862174 0.389941
vt 0.862105 0.174906
vt 0.861497 0.356326
vt 0.862351 0.384155
vt 0.861921 0.169120
vt 0.838754 0.290904
vt 0.861468 0.286230
vt 0.861389 0.290904
vt 0.861623 0.163787
vt 0.861527 0.280897
vt 0.838706 0.159113
vt 0.861221 0.159113
vt 0.861564 0.275111
vt 0.856824 0.019202
vt 0.834188 0.019199
vt 0.795207 0.186165
vt 0.794308 0.190979
vt 0.792544 0.195524
vt 0.789984 0.199626
vt 0.786725 0.203128
vt 0.782893 0.205895
vt 0.778635 0.207820
vt 0.774115 0.208830
vt 0.769507 0.208885
vt 0.764986 0.207984
vt 0.760729 0.206162
vt 0.756897 0.203488
vt 0.753638 0.200064
vt 0.751078 0.196024
vt 0.749314 0.191521
vt 0.748415 0.186729
vt 0.748415 0.181833
vt 0.749314 0.177019
vt 0.751078 0.172474
vt 0.753638 0.168372
vt 0.756897 0.164870
vt 0.760729 0.162103
vt 0.764987 0.160178
vt 0.769507 0.159169
vt 0.774115 0.159113
vt 0.778635 0.160014
vt 0.782893 0.161836
vt 0.786725 0.164511
vt 0.789984 0.167934
vt 0.792544 0.171974
vt 0.794308 0.176477
vt 0.795207 0.181269
vt 0.690960 0.816966
vt 0.690103 0.821785
vt 0.688424 0.826344
vt 0.685986 0.830466
vt 0.682883 0.833995
vt 0.679234 0.836793
vt 0.675179 0.838755
vt 0.670875 0.839803
vt 0.666486 0.839898
vt 0.662182 0.839037
vt 0.658128 0.837252
vt 0.654479 0.834612
vt 0.651375 0.831218
vt 0.648937 0.827201
vt 0.647258 0.822715
vt 0.646402 0.817933
vt 0.646402 0.813039
vt 0.647258 0.808219
vt 0.648937 0.803661
vt 0.651375 0.799538
vt 0.654479 0.796010
vt 0.658128 0.793211
vt 0.662182 0.791250
vt 0.666486 0.790201
vt 0.670875 0.790106
vt 0.675179 0.790968
vt 0.679234 0.792753
vt 0.682883 0.795393
vt 0.685986 0.798787
vt 0.688424 0.802803
vt 0.690103 0.807289
vt 0.690960 0.812071
vt 0.354833 0.912201
vt 0.356029 0.908414
vt 0.366113 0.908414
vt 0.364918 0.912201
vt 0.947640 0.584297
vt 0.947594 0.579962
vt 0.957199 0.583127
vt 0.957244 0.587461
vt 0.356917 0.904093
vt 0.367002 0.904093
vt 0.439932 0.962780
vt 0.439842 0.967656
vt 0.429812 0.967656
vt 0.429902 0.962780
vt 0.947533 0.576156
vt 0.957137 0.579321
vt 0.357464 0.899404
vt 0.367549 0.899404
vt 0.439575 0.972344
vt 0.429545 0.972344
vt 0.438558 0.945107
vt 0.439141 0.948895
vt 0.429112 0.948895
vt 0.428529 0.945107
vt 0.357649 0.894529
vt 0.367734 0.894529
vt 0.439141 0.976665
vt 0.429112 0.976665
vt 0.439575 0.953216
vt 0.429545 0.953216
vt 0.357464 0.889653
vt 0.367549 0.889653
vt 0.438558 0.980452
vt 0.428529 0.980452
vt 0.439842 0.957904
vt 0.429812 0.957904
vt 0.356917 0.884964
vt 0.367002 0.884964
vt 0.896659 0.925957
vt 0.896610 0.929782
vt 0.887005 0.932945
vt 0.887054 0.929121
vt 0.356029 0.880643
vt 0.366113 0.880643
vt 0.896573 0.934130
vt 0.886968 0.937294
vt 0.354833 0.876856
vt 0.364918 0.876856
vt 0.896550 0.938835
vt 0.886945 0.941999
vt 0.947533 0.611500
vt 0.947594 0.607732
vt 0.957199 0.610896
vt 0.957137 0.614665
vt 0.896542 0.943717
vt 0.886937 0.946880
vt 0.947640 0.603425
vt 0.957245 0.606589
vt 0.896550 0.948586
vt 0.886945 0.951750
vt 0.947668 0.598745
vt 0.957273 0.601910
vt 0.896573 0.953257
vt 0.886968 0.956421
vt 0.947678 0.593872
vt 0.957282 0.597037
vt 0.896610 0.957550
vt 0.887005 0.960713
vt 0.947668 0.588994
vt 0.957273 0.592158
vt 0.896659 0.961299
vt 0.887054 0.964463
vt 0.795138 0.383415
vt 0.794231 0.388228
vt 0.792451 0.392770
vt 0.789868 0.396869
vt 0.786581 0.400365
vt 0.782715 0.403126
vt 0.778419 0.405044
vt 0.773859 0.406047
vt 0.769210 0.406095
vt 0.764649 0.405186
vt 0.760354 0.403357
vt 0.756488 0.400676
vt 0.753200 0.397247
vt 0.750617 0.393202
vt 0.748838 0.388696
vt 0.747931 0.383902
vt 0.747931 0.379005
vt 0.748838 0.374193
vt 0.750617 0.369650
vt 0.753200 0.365552
vt 0.756488 0.362055
vt 0.760354 0.359295
vt 0.764649 0.357377
vt 0.769210 0.356374
vt 0.773859 0.356326
vt 0.778419 0.357235
vt 0.782715 0.359064
vt 0.786581 0.361745
vt 0.789868 0.365174
vt 0.792451 0.369219
vt 0.794231 0.373725
vt 0.795138 0.378518
vt 0.757072 0.603380
vt 0.756136 0.608188
vt 0.754301 0.612721
vt 0.751637 0.616806
vt 0.748246 0.620284
vt 0.744259 0.623022
vt 0.739829 0.624915
vt 0.735126 0.625891
vt 0.730330 0.625911
vt 0.725627 0.624975
vt 0.721197 0.623119
vt 0.717210 0.620415
vt 0.713819 0.616965
vt 0.711155 0.612904
vt 0.709319 0.608386
vt 0.708384 0.603586
vt 0.708384 0.598687
vt 0.709319 0.593879
vt 0.711155 0.589346
vt 0.713819 0.585262
vt 0.717210 0.581784
vt 0.721197 0.579045
vt 0.725627 0.577152
vt 0.730330 0.576177
vt 0.735126 0.576156
vt 0.739829 0.577092
vt 0.744259 0.578948
vt 0.748246 0.581652
vt 0.751637 0.585102
vt 0.754301 0.589163
vt 0.756136 0.593681
vt 0.757072 0.598481
vt 0.911420 0.190670
vt 0.910575 0.194458
vt 0.900564 0.194458
vt 0.901408 0.190670
vt 0.912047 0.167221
vt 0.912433 0.171910
vt 0.902422 0.171910
vt 0.902036 0.167221
vt 0.890104 0.791269
vt 0.889445 0.786581
vt 0.899415 0.786581
vt 0.900073 0.791269
vt 0.154230 0.920274
vt 0.154289 0.916463
vt 0.163696 0.912944
vt 0.163636 0.916755
vt 0.912564 0.176785
vt 0.902553 0.176785
vt 0.888376 0.782260
vt 0.898346 0.782260
vt 0.154334 0.912125
vt 0.163741 0.908605
vt 0.886937 0.778473
vt 0.896907 0.778473
vt 0.154361 0.907426
vt 0.163768 0.903906
vt 0.568193 0.884087
vt 0.568131 0.887873
vt 0.558725 0.884352
vt 0.558787 0.880566
vt 0.154371 0.902547
vt 0.163777 0.899027
vt 0.568085 0.892193
vt 0.558678 0.888671
vt 0.154361 0.897675
vt 0.163768 0.894155
vt 0.568056 0.896880
vt 0.558650 0.893359
vt 0.154334 0.892997
vt 0.163741 0.889477
vt 0.568047 0.901756
vt 0.558640 0.898235
vt 0.154289 0.888694
vt 0.163696 0.885174
vt 0.568056 0.906632
vt 0.558650 0.903111
vt 0.154230 0.884931
vt 0.163636 0.881411
vt 0.568085 0.911321
vt 0.558678 0.907800
vt 0.886937 0.813818
vt 0.888376 0.810030
vt 0.898346 0.810030
vt 0.896907 0.813818
vt 0.568131 0.915643
vt 0.558725 0.912122
vt 0.889445 0.805709
vt 0.899415 0.805709
vt 0.912433 0.181661
vt 0.902422 0.181661
vt 0.568193 0.919432
vt 0.558787 0.915911
vt 0.890104 0.801021
vt 0.900073 0.801021
vt 0.912047 0.186350
vt 0.902036 0.186350
vt 0.910575 0.159113
vt 0.911420 0.162900
vt 0.901408 0.162900
vt 0.900564 0.159113
vt 0.890326 0.796145
vt 0.900296 0.796145
vt 0.795621 0.046288
vt 0.794714 0.051100
vt 0.792934 0.055643
vt 0.790351 0.059741
vt 0.787064 0.063238
vt 0.783198 0.065998
vt 0.778902 0.067917
vt 0.774342 0.068919
vt 0.769693 0.068967
vt 0.765132 0.068059
vt 0.760837 0.066229
vt 0.756971 0.063548
vt 0.753683 0.060119
vt 0.751100 0.056074
vt 0.749321 0.051568
vt 0.748414 0.046775
vt 0.748414 0.041878
vt 0.749321 0.037066
vt 0.751100 0.032523
vt 0.753683 0.028425
vt 0.756971 0.024928
vt 0.760837 0.022167
vt 0.765132 0.020249
vt 0.769693 0.019247
vt 0.774342 0.019199
vt 0.778902 0.020107
vt 0.783198 0.021937
vt 0.787064 0.024618
vt 0.790351 0.028046
vt 0.792934 0.032091
vt 0.794714 0.036597
vt 0.795621 0.041391
vt 0.067887 0.736210
vt 0.066951 0.741018
vt 0.065116 0.745551
vt 0.062452 0.749636
vt 0.059061 0.753114
vt 0.055074 0.755852
vt 0.050644 0.757745
vt 0.045940 0.758721
vt 0.041145 0.758741
vt 0.036442 0.757805
vt 0.032012 0.755949
vt 0.028024 0.753245
vt 0.024634 0.749795
vt 0.021969 0.745734
vt 0.020134 0.741216
vt 0.019199 0.736416
vt 0.019199 0.731517
vt 0.020134 0.726709
vt 0.021969 0.722176
vt 0.024634 0.718092
vt 0.028024 0.714614
vt 0.032012 0.711875
vt 0.036442 0.709982
vt 0.041145 0.709007
vt 0.045940 0.708986
vt 0.050644 0.709922
vt 0.055074 0.711778
vt 0.059061 0.714482
vt 0.062452 0.717932
vt 0.065116 0.721993
vt 0.066951 0.726511
vt 0.067887 0.731312
vt 0.223866 0.731555
vt 0.224795 0.726745
vt 0.226617 0.722210
vt 0.229262 0.718122
vt 0.232628 0.714640
vt 0.236587 0.711896
vt 0.240986 0.709997
vt 0.245655 0.709015
vt 0.250416 0.708988
vt 0.255086 0.709918
vt 0.259485 0.711767
vt 0.263443 0.714466
vt 0.266810 0.717911
vt 0.269455 0.721968
vt 0.271277 0.726483
vt 0.272206 0.731282
vt 0.272206 0.736180
vt 0.271277 0.740989
vt 0.269455 0.745525
vt 0.266810 0.749612
vt 0.263443 0.753095
vt 0.259485 0.755838
vt 0.255086 0.757738
vt 0.250416 0.758719
vt 0.245655 0.758746
vt 0.240986 0.757817
vt 0.236587 0.755967
vt 0.232628 0.753269
vt 0.229262 0.749824
vt 0.226617 0.745766
vt 0.224795 0.741251
vt 0.223866 0.736453
vt 0.608003 0.726676
vt 0.608003 0.731575
vt 0.607055 0.736379
vt 0.605194 0.740902
vt 0.602493 0.744971
vt 0.599055 0.748430
vt 0.595013 0.751146
vt 0.590521 0.753014
vt 0.585753 0.753962
vt 0.580891 0.753955
vt 0.576123 0.752992
vt 0.571631 0.751110
vt 0.567588 0.748382
vt 0.564150 0.744913
vt 0.561449 0.740836
vt 0.559589 0.736307
vt 0.558640 0.731500
vt 0.558640 0.726601
vt 0.559589 0.721798
vt 0.561449 0.717275
vt 0.564150 0.713205
vt 0.567588 0.709746
vt 0.571631 0.707031
vt 0.576122 0.705163
vt 0.580891 0.704214
vt 0.585753 0.704222
vt 0.590521 0.705185
vt 0.595013 0.707066
vt 0.599055 0.709794
vt 0.602493 0.713263
vt 0.605194 0.717341
vt 0.607055 0.721870
vt 0.223866 0.912195
vt 0.225072 0.908407
vt 0.235154 0.908407
vt 0.233948 0.912195
vt 0.938802 0.863483
vt 0.938755 0.859165
vt 0.948360 0.862330
vt 0.948406 0.866649
vt 0.225968 0.904087
vt 0.236050 0.904087
vt 0.756757 0.957722
vt 0.756666 0.962598
vt 0.746632 0.962598
vt 0.746723 0.957722
vt 0.938693 0.855381
vt 0.948298 0.858547
vt 0.226519 0.899398
vt 0.236601 0.899398
vt 0.756394 0.967286
vt 0.746360 0.967286
vt 0.755359 0.940050
vt 0.755953 0.943837
vt 0.745919 0.943837
vt 0.745325 0.940050
vt 0.226706 0.894522
vt 0.236788 0.894522
vt 0.755953 0.971607
vt 0.745919 0.971607
vt 0.756394 0.948158
vt 0.746360 0.948158
vt 0.226519 0.889647
vt 0.236601 0.889647
vt 0.755359 0.975394
vt 0.745325 0.975394
vt 0.756666 0.952846
vt 0.746632 0.952846
vt 0.225968 0.884958
vt 0.236050 0.884958
vt 0.960519 0.019199
vt 0.960457 0.023005
vt 0.950853 0.026169
vt 0.950914 0.022363
vt 0.225072 0.880637
vt 0.235154 0.880637
vt 0.960411 0.027339
vt 0.950807 0.030504
vt 0.223866 0.876850
vt 0.233948 0.876850
vt 0.960383 0.032036
vt 0.950779 0.035201
vt 0.938693 0.890726
vt 0.938755 0.886935
vt 0.948360 0.890101
vt 0.948298 0.893891
vt 0.960373 0.036915
vt 0.950769 0.040079
vt 0.938802 0.882611
vt 0.948406 0.885777
vt 0.960383 0.041788
vt 0.950779 0.044952
vt 0.938830 0.877921
vt 0.948434 0.881087
vt 0.960411 0.046467
vt 0.950807 0.049632
vt 0.938840 0.873045
vt 0.948444 0.876211
vt 0.960457 0.050774
vt 0.950853 0.053939
vt 0.938830 0.868169
vt 0.948434 0.871335
vt 0.960519 0.054543
vt 0.950914 0.057707
vt 0.657244 0.909853
vt 0.656410 0.913640
vt 0.646402 0.913640
vt 0.647236 0.909853
vt 0.657863 0.886404
vt 0.658245 0.891092
vt 0.648237 0.891092
vt 0.647855 0.886404
vt 0.892045 0.682992
vt 0.891391 0.678303
vt 0.901364 0.678303
vt 0.902018 0.682992
vt 0.950961 0.197974
vt 0.951008 0.194145
vt 0.960415 0.190626
vt 0.960369 0.194455
vt 0.658374 0.895968
vt 0.648366 0.895968
vt 0.890328 0.673982
vt 0.900302 0.673982
vt 0.951042 0.189794
vt 0.960450 0.186275
vt 0.888899 0.670195
vt 0.898873 0.670195
vt 0.951064 0.185087
vt 0.960471 0.181568
vt 0.115832 0.884931
vt 0.115772 0.888694
vt 0.106366 0.885174
vt 0.106425 0.881411
vt 0.951071 0.180205
vt 0.960478 0.176686
vt 0.115728 0.892997
vt 0.106321 0.889478
vt 0.951064 0.175336
vt 0.960471 0.171817
vt 0.115700 0.897675
vt 0.106294 0.894155
vt 0.951042 0.170667
vt 0.960450 0.167148
vt 0.115691 0.902547
vt 0.106284 0.899027
vt 0.951008 0.166378
vt 0.960415 0.162858
vt 0.115700 0.907426
vt 0.106294 0.903906
vt 0.950961 0.162632
vt 0.960369 0.159113
vt 0.115728 0.912125
vt 0.106321 0.908605
vt 0.888899 0.705540
vt 0.890329 0.701753
vt 0.900302 0.701753
vt 0.898873 0.705540
vt 0.115772 0.916464
vt 0.106366 0.912944
vt 0.891391 0.697432
vt 0.901364 0.697432
vt 0.658245 0.900844
vt 0.648237 0.900844
vt 0.115832 0.920274
vt 0.106425 0.916755
vt 0.892045 0.692743
vt 0.902018 0.692743
vt 0.657863 0.905532
vt 0.647855 0.905532
vt 0.656410 0.878296
vt 0.657244 0.882083
vt 0.647236 0.882083
vt 0.646402 0.878296
vt 0.892266 0.687867
vt 0.902239 0.687867
vt 0.745325 0.801342
vt 0.746195 0.796524
vt 0.747900 0.791969
vt 0.750375 0.787853
vt 0.753526 0.784332
vt 0.757230 0.781543
vt 0.761347 0.779593
vt 0.765717 0.778556
vt 0.770172 0.778473
vt 0.774542 0.779346
vt 0.778659 0.781142
vt 0.782363 0.783793
vt 0.785514 0.787195
vt 0.787989 0.791219
vt 0.789694 0.795710
vt 0.790563 0.800495
vt 0.790563 0.805390
vt 0.789694 0.810208
vt 0.787989 0.814762
vt 0.785514 0.818879
vt 0.782363 0.822399
vt 0.778659 0.825188
vt 0.774542 0.827139
vt 0.770172 0.828175
vt 0.765717 0.828259
vt 0.761347 0.827386
vt 0.757230 0.825589
vt 0.753526 0.822939
vt 0.750375 0.819536
vt 0.747900 0.815513
vt 0.746195 0.811022
vt 0.745325 0.806237
vt 0.601219 0.815472
vt 0.601219 0.820365
vt 0.600400 0.825139
vt 0.598796 0.829610
vt 0.596466 0.833607
vt 0.593500 0.836976
vt 0.590014 0.839587
vt 0.586139 0.841340
vt 0.582026 0.842169
vt 0.577833 0.842040
vt 0.573720 0.840959
vt 0.569845 0.838967
vt 0.566358 0.836142
vt 0.563393 0.832591
vt 0.561063 0.828451
vt 0.559458 0.823881
vt 0.558640 0.819057
vt 0.558640 0.814164
vt 0.559458 0.809390
vt 0.561063 0.804918
vt 0.563393 0.800922
vt 0.566358 0.797553
vt 0.569845 0.794941
vt 0.573720 0.793188
vt 0.577833 0.792360
vt 0.582026 0.792489
vt 0.586139 0.793570
vt 0.590014 0.795561
vt 0.593500 0.798387
vt 0.596466 0.801938
vt 0.598796 0.806078
vt 0.600400 0.810648
vt 0.795207 0.274335
vt 0.794308 0.279148
vt 0.792544 0.283694
vt 0.789984 0.287796
vt 0.786725 0.291298
vt 0.782893 0.294064
vt 0.778635 0.295989
vt 0.774115 0.296999
vt 0.769507 0.297055
vt 0.764986 0.296154
vt 0.760729 0.294331
vt 0.756897 0.291657
vt 0.753638 0.288234
vt 0.751078 0.284193
vt 0.749314 0.279691
vt 0.748415 0.274899
vt 0.748415 0.270002
vt 0.749314 0.265189
vt 0.751078 0.260644
vt 0.753638 0.256541
vt 0.756897 0.253040
vt 0.760729 0.250273
vt 0.764987 0.248348
vt 0.769507 0.247338
vt 0.774115 0.247283
vt 0.778635 0.248183
vt 0.782893 0.250006
vt 0.786725 0.252680
vt 0.789984 0.256103
vt 0.792544 0.260144
vt 0.794308 0.264647
vt 0.795207 0.269438
vt 0.795469 0.603016
vt 0.795469 0.598121
vt 0.796326 0.593339
vt 0.798005 0.588854
vt 0.800443 0.584837
vt 0.803546 0.581443
vt 0.807195 0.578803
vt 0.811250 0.577018
vt 0.815554 0.576156
vt 0.819943 0.576252
vt 0.824247 0.577300
vt 0.828301 0.579261
vt 0.831950 0.582060
vt 0.835054 0.585588
vt 0.837492 0.589711
vt 0.839171 0.594270
vt 0.840027 0.599089
vt 0.840027 0.603983
vt 0.839171 0.608765
vt 0.837492 0.613251
vt 0.835054 0.617268
vt 0.831950 0.620662
vt 0.828301 0.623302
vt 0.824247 0.625087
vt 0.819943 0.625948
vt 0.815554 0.625853
vt 0.811250 0.624805
vt 0.807195 0.622844
vt 0.803546 0.620045
vt 0.800443 0.616517
vt 0.798005 0.612394
vt 0.796325 0.607835
vt 0.899974 0.282627
vt 0.901169 0.278840
vt 0.911254 0.278840
vt 0.910058 0.282627
vt 0.940744 0.678336
vt 0.940698 0.674001
vt 0.950303 0.677165
vt 0.950349 0.681500
vt 0.902058 0.274519
vt 0.912143 0.274519
vt 0.512771 0.963129
vt 0.512681 0.968005
vt 0.502651 0.968005
vt 0.502742 0.963129
vt 0.940637 0.670195
vt 0.950241 0.673359
vt 0.902605 0.269831
vt 0.912690 0.269831
vt 0.512414 0.972693
vt 0.502385 0.972693
vt 0.511398 0.945457
vt 0.511981 0.949244
vt 0.501951 0.949244
vt 0.501368 0.945457
vt 0.902790 0.264955
vt 0.912875 0.264955
vt 0.511981 0.977014
vt 0.501951 0.977014
vt 0.512414 0.953565
vt 0.502385 0.953565
vt 0.902605 0.260079
vt 0.912690 0.260079
vt 0.511398 0.980801
vt 0.501368 0.980801
vt 0.512681 0.958253
vt 0.502651 0.958253
vt 0.902058 0.255391
vt 0.912143 0.255391
vt 0.960994 0.247283
vt 0.960945 0.251107
vt 0.951340 0.254271
vt 0.951389 0.250446
vt 0.901169 0.251070
vt 0.911254 0.251070
vt 0.960908 0.255455
vt 0.951303 0.258619
vt 0.899974 0.247283
vt 0.910058 0.247283
vt 0.960885 0.260161
vt 0.951280 0.263324
vt 0.940637 0.705539
vt 0.940698 0.701771
vt 0.950303 0.704935
vt 0.950241 0.708704
vt 0.960877 0.265042
vt 0.951272 0.268205
vt 0.940744 0.697464
vt 0.950349 0.700628
vt 0.960885 0.269912
vt 0.951280 0.273075
vt 0.940772 0.692784
vt 0.950377 0.695948
vt 0.960908 0.274582
vt 0.951303 0.277746
vt 0.940782 0.687911
vt 0.950386 0.691075
vt 0.960945 0.278875
vt 0.951340 0.282039
vt 0.940773 0.683032
vt 0.950377 0.686197
vt 0.960994 0.282625
vt 0.951389 0.285788
vt 0.911227 0.050756
vt 0.910383 0.054544
vt 0.900372 0.054544
vt 0.901216 0.050756
vt 0.911855 0.027307
vt 0.912241 0.031995
vt 0.902230 0.031995
vt 0.901844 0.027307
vt 0.890104 0.865012
vt 0.889445 0.860323
vt 0.899415 0.860323
vt 0.900073 0.865012
vt 0.019199 0.920282
vt 0.019259 0.916471
vt 0.028665 0.912952
vt 0.028605 0.916763
vt 0.912371 0.036871
vt 0.902360 0.036871
vt 0.888376 0.856002
vt 0.898346 0.856002
vt 0.019303 0.912133
vt 0.028710 0.908613
vt 0.886937 0.852215
vt 0.896907 0.852215
vt 0.019331 0.907434
vt 0.028737 0.903914
vt 0.706324 0.881817
vt 0.706262 0.885603
vt 0.696856 0.882081
vt 0.696918 0.878296
vt 0.019340 0.902555
vt 0.028747 0.899035
vt 0.706216 0.889922
vt 0.696809 0.886401
vt 0.019331 0.897683
vt 0.028737 0.894163
vt 0.706187 0.894610
vt 0.696781 0.891089
vt 0.019303 0.893005
vt 0.028710 0.889485
vt 0.706178 0.899486
vt 0.696771 0.895964
vt 0.019259 0.888702
vt 0.028665 0.885182
vt 0.706187 0.904362
vt 0.696781 0.900840
vt 0.019199 0.884939
vt 0.028605 0.881419
vt 0.706216 0.909051
vt 0.696809 0.905529
vt 0.886937 0.887560
vt 0.888376 0.883773
vt 0.898346 0.883773
vt 0.896907 0.887560
vt 0.706262 0.913373
vt 0.696856 0.909852
vt 0.889445 0.879452
vt 0.899415 0.879452
vt 0.912241 0.041747
vt 0.902230 0.041747
vt 0.706324 0.917162
vt 0.696918 0.913640
vt 0.890104 0.874763
vt 0.900073 0.874763
vt 0.911855 0.046435
vt 0.901844 0.046435
vt 0.910383 0.019199
vt 0.911227 0.022986
vt 0.901216 0.022986
vt 0.900372 0.019199
vt 0.890326 0.869887
vt 0.900296 0.869887
vt 0.745325 0.717396
vt 0.745325 0.712499
vt 0.746232 0.707706
vt 0.748012 0.703200
vt 0.750595 0.699155
vt 0.753882 0.695726
vt 0.757748 0.693045
vt 0.762044 0.691215
vt 0.766604 0.690307
vt 0.771253 0.690355
vt 0.775814 0.691357
vt 0.780109 0.693276
vt 0.783975 0.696036
vt 0.787263 0.699533
vt 0.789846 0.703631
vt 0.791625 0.708174
vt 0.792532 0.712986
vt 0.792532 0.717883
vt 0.791625 0.722677
vt 0.789846 0.727183
vt 0.787263 0.731228
vt 0.783975 0.734657
vt 0.780109 0.737337
vt 0.775814 0.739167
vt 0.771253 0.740075
vt 0.766604 0.740028
vt 0.762044 0.739025
vt 0.757748 0.737107
vt 0.753882 0.734346
vt 0.750595 0.730850
vt 0.748012 0.726751
vt 0.746232 0.722209
vt 0.106284 0.736210
vt 0.106284 0.731312
vt 0.107220 0.726511
vt 0.109055 0.721993
vt 0.111719 0.717932
vt 0.115110 0.714482
vt 0.119097 0.711778
vt 0.123527 0.709922
vt 0.128231 0.708986
vt 0.133026 0.709007
vt 0.137729 0.709982
vt 0.142160 0.711875
vt 0.146147 0.714614
vt 0.149538 0.718092
vt 0.152202 0.722176
vt 0.154037 0.726709
vt 0.154972 0.731517
vt 0.154972 0.736416
vt 0.154037 0.741216
vt 0.152202 0.745734
vt 0.149538 0.749795
vt 0.146147 0.753245
vt 0.142160 0.755949
vt 0.137729 0.757805
vt 0.133026 0.758741
vt 0.128231 0.758721
vt 0.123527 0.757745
vt 0.119097 0.755852
vt 0.115110 0.753114
vt 0.111719 0.749636
vt 0.109055 0.745551
vt 0.107220 0.741018
vt 0.310603 0.731555
vt 0.311532 0.726745
vt 0.313354 0.722210
vt 0.315999 0.718122
vt 0.319366 0.714640
vt 0.323325 0.711896
vt 0.327723 0.709997
vt 0.332393 0.709015
vt 0.337154 0.708988
vt 0.341824 0.709918
vt 0.346222 0.711767
vt 0.350181 0.714466
vt 0.353548 0.717911
vt 0.356193 0.721968
vt 0.358015 0.726483
vt 0.358943 0.731282
vt 0.358943 0.736180
vt 0.358015 0.740989
vt 0.356193 0.745525
vt 0.353547 0.749612
vt 0.350181 0.753095
vt 0.346222 0.755838
vt 0.341824 0.757738
vt 0.337154 0.758719
vt 0.332393 0.758746
vt 0.327723 0.757817
vt 0.323325 0.755967
vt 0.319366 0.753269
vt 0.315999 0.749824
vt 0.313354 0.745766
vt 0.311532 0.741251
vt 0.310603 0.736453
vt 0.708384 0.510473
vt 0.709332 0.505666
vt 0.711193 0.501137
vt 0.713894 0.497060
vt 0.717332 0.493591
vt 0.721374 0.490863
vt 0.725866 0.488981
vt 0.730635 0.488018
vt 0.735496 0.488011
vt 0.740265 0.488959
vt 0.744757 0.490827
vt 0.748799 0.493543
vt 0.752237 0.497002
vt 0.754938 0.501071
vt 0.756799 0.505595
vt 0.757747 0.510398
vt 0.757747 0.515297
vt 0.756799 0.520103
vt 0.754938 0.524632
vt 0.752237 0.528710
vt 0.748799 0.532179
vt 0.744757 0.534907
vt 0.740265 0.536789
vt 0.735496 0.537752
vt 0.730635 0.537759
vt 0.725866 0.536810
vt 0.721374 0.534942
vt 0.717332 0.532227
vt 0.713894 0.528768
vt 0.711193 0.524699
vt 0.709332 0.520175
vt 0.708384 0.515372
vt 0.303514 0.912201
vt 0.304719 0.908414
vt 0.314801 0.908414
vt 0.313596 0.912201
vt 0.938802 0.786575
vt 0.938755 0.782256
vt 0.948360 0.785422
vt 0.948406 0.789741
vt 0.305615 0.904093
vt 0.315697 0.904093
vt 0.950125 0.949961
vt 0.950034 0.954837
vt 0.939999 0.954837
vt 0.940091 0.949961
vt 0.938693 0.778473
vt 0.948298 0.781639
vt 0.306167 0.899404
vt 0.316249 0.899404
vt 0.949762 0.959526
vt 0.939728 0.959526
vt 0.948727 0.932289
vt 0.949321 0.936076
vt 0.939287 0.936076
vt 0.938693 0.932289
vt 0.306353 0.894529
vt 0.316435 0.894529
vt 0.949321 0.963847
vt 0.939287 0.963847
vt 0.949762 0.940397
vt 0.939728 0.940397
vt 0.306167 0.889653
vt 0.316249 0.889653
vt 0.948727 0.967634
vt 0.938693 0.967634
vt 0.950034 0.945086
vt 0.939999 0.945086
vt 0.305615 0.884964
vt 0.315697 0.884964
vt 0.959703 0.487950
vt 0.959642 0.491756
vt 0.950037 0.494920
vt 0.950099 0.491114
vt 0.304719 0.880643
vt 0.314801 0.880643
vt 0.959596 0.496091
vt 0.949991 0.499255
vt 0.303514 0.876856
vt 0.313596 0.876856
vt 0.959568 0.500787
vt 0.949963 0.503952
vt 0.938693 0.813818
vt 0.938755 0.810027
vt 0.948360 0.813192
vt 0.948298 0.816983
vt 0.959558 0.505666
vt 0.949954 0.508830
vt 0.938802 0.805703
vt 0.948406 0.808869
vt 0.959568 0.510539
vt 0.949963 0.513703
vt 0.938830 0.801013
vt 0.948434 0.804179
vt 0.959596 0.515219
vt 0.949991 0.518383
vt 0.938840 0.796137
vt 0.948444 0.799303
vt 0.959642 0.519526
vt 0.950037 0.522690
vt 0.938830 0.791261
vt 0.948434 0.794427
vt 0.959703 0.523294
vt 0.950099 0.526459
vt 0.911651 0.387884
vt 0.910817 0.391671
vt 0.900809 0.391671
vt 0.901643 0.387884
vt 0.912271 0.364434
vt 0.912652 0.369123
vt 0.902644 0.369123
vt 0.902263 0.364434
vt 0.504514 0.884511
vt 0.503860 0.879822
vt 0.513834 0.879822
vt 0.514488 0.884511
vt 0.951179 0.395187
vt 0.951225 0.391359
vt 0.960632 0.387839
vt 0.960586 0.391668
vt 0.912781 0.373999
vt 0.902773 0.373999
vt 0.502798 0.875502
vt 0.512771 0.875502
vt 0.951260 0.387007
vt 0.960667 0.383488
vt 0.501368 0.871714
vt 0.511342 0.871714
vt 0.951281 0.382300
vt 0.960688 0.378781
vt 0.838509 0.890270
vt 0.838449 0.894034
vt 0.829042 0.890514
vt 0.829102 0.886751
vt 0.951288 0.377418
vt 0.960695 0.373899
vt 0.838404 0.898337
vt 0.828997 0.894817
vt 0.951281 0.372550
vt 0.960688 0.369030
vt 0.838377 0.903014
vt 0.828970 0.899495
vt 0.951260 0.367880
vt 0.960667 0.364361
vt 0.838367 0.907886
vt 0.828961 0.904367
vt 0.951225 0.363591
vt 0.960632 0.360072
vt 0.838377 0.912766
vt 0.828970 0.909246
vt 0.951179 0.359845
vt 0.960586 0.356326
vt 0.838404 0.917465
vt 0.828997 0.913945
vt 0.501368 0.907059
vt 0.502798 0.903272
vt 0.512771 0.903272
vt 0.511342 0.907059
vt 0.838449 0.921803
vt 0.829042 0.918283
vt 0.503860 0.898951
vt 0.513834 0.898951
vt 0.912652 0.378874
vt 0.902644 0.378874
vt 0.838509 0.925614
vt 0.829102 0.922094
vt 0.504514 0.894262
vt 0.514488 0.894262
vt 0.912271 0.383563
vt 0.902263 0.383563
vt 0.910817 0.356326
vt 0.911651 0.360113
vt 0.901643 0.360113
vt 0.900809 0.356326
vt 0.504735 0.889387
vt 0.514709 0.889387
vt 0.428529 0.806399
vt 0.429398 0.801582
vt 0.431103 0.797027
vt 0.433579 0.792911
vt 0.436729 0.789390
vt 0.440434 0.786601
vt 0.444550 0.784651
vt 0.448920 0.783614
vt 0.453376 0.783531
vt 0.457746 0.784404
vt 0.461862 0.786200
vt 0.465567 0.788850
vt 0.468717 0.792253
vt 0.471193 0.796277
vt 0.472898 0.800768
vt 0.473767 0.805553
vt 0.473767 0.810448
vt 0.472898 0.815265
vt 0.471193 0.819820
vt 0.468717 0.823937
vt 0.465567 0.827457
vt 0.461862 0.830246
vt 0.457746 0.832196
vt 0.453376 0.833233
vt 0.448920 0.833317
vt 0.444550 0.832443
vt 0.440434 0.830647
vt 0.436729 0.827997
vt 0.433578 0.824594
vt 0.431103 0.820570
vt 0.429398 0.816080
vt 0.428529 0.811295
vt 0.838723 0.511062
vt 0.838723 0.515955
vt 0.837905 0.520729
vt 0.836300 0.525200
vt 0.833970 0.529197
vt 0.831005 0.532566
vt 0.827518 0.535177
vt 0.823643 0.536931
vt 0.819530 0.537759
vt 0.815337 0.537630
vt 0.811224 0.536549
vt 0.807349 0.534558
vt 0.803863 0.531732
vt 0.800897 0.528181
vt 0.798567 0.524041
vt 0.796963 0.519471
vt 0.796144 0.514647
vt 0.796144 0.509754
vt 0.796963 0.504980
vt 0.798567 0.500509
vt 0.800897 0.496512
vt 0.803863 0.493143
vt 0.807349 0.490532
vt 0.811224 0.488778
vt 0.815337 0.487950
vt 0.819530 0.488079
vt 0.823643 0.489160
vt 0.827518 0.491151
vt 0.831005 0.493977
vt 0.833970 0.497528
vt 0.836300 0.501668
vt 0.837905 0.506238
vt 0.587939 0.564731
vt 0.564027 0.568715
vt 0.572452 0.535310
vt 0.581670 0.530353
vt 0.900372 0.092941
vt 0.910511 0.096315
vt 0.910511 0.111831
vt 0.900372 0.115206
vt 0.584094 0.390872
vt 0.608004 0.394835
vt 0.583435 0.490233
vt 0.573110 0.491956
vt 0.839092 0.848353
vt 0.828961 0.844979
vt 0.828961 0.781847
vt 0.839092 0.778473
vt 0.564027 0.050950
vt 0.627158 0.050950
vt 0.627158 0.149700
vt 0.564027 0.149700
vt 0.564027 0.220395
vt 0.627158 0.220395
vt 0.627158 0.317929
vt 0.564027 0.317929
vt 0.848540 0.844979
vt 0.848540 0.781847
vt 0.564027 0.388247
vt 0.564027 0.486997
vt 0.564066 0.049592
vt 0.586384 0.019199
vt 0.608649 0.019199
vt 0.627150 0.049570
vt 0.608003 0.562133
vt 0.607770 0.560774
vt 0.608003 0.660883
vt 0.598923 0.665817
vt 0.564262 0.386866
vt 0.590268 0.356326
vt 0.585911 0.188098
vt 0.601427 0.188098
vt 0.599484 0.361260
vt 0.588595 0.664117
vt 0.689798 0.120715
vt 0.665556 0.120715
vt 0.674112 0.022573
vt 0.684019 0.019199
vt 0.841069 0.740075
vt 0.830930 0.736701
vt 0.830930 0.673569
vt 0.841069 0.670195
vt 0.709533 0.449613
vt 0.646402 0.449613
vt 0.646402 0.356326
vt 0.709533 0.356326
vt 0.491661 0.653709
vt 0.428529 0.653709
vt 0.428529 0.555247
vt 0.491661 0.555247
vt 0.850501 0.736701
vt 0.850501 0.673569
vt 0.710016 0.119981
vt 0.693787 0.022573
vt 0.681866 0.162454
vt 0.691644 0.159113
vt 0.685781 0.260622
vt 0.665556 0.259844
vt 0.701543 0.162473
vt 0.710017 0.260622
s 0
usemtl Material
f 2/1/1 1/2/1 5/3/1 6/4/1 3/5/1
f 4/6/1 3/5/1 6/4/1
f 8/7/2 9/8/2 12/9/2 11/10/2 7/11/2
f 10/12/2 12/9/2 9/8/2
f 14/13/3 13/14/3 11/10/3 12/9/3
f 16/15/4 15/16/4 10/12/4 9/8/4
f 18/17/5 17/18/5 8/19/5 7/20/5
f 15/16/6 14/13/6 12/9/6 10/12/6
f 13/21/7 18/17/7 7/20/7 11/22/7
f 17/23/8 16/15/8 9/8/8 8/7/8
f 2/1/9 3/5/9 16/24/9 17/25/9
f 5/26/10 1/27/10 18/17/10 13/21/10
f 4/6/11 6/4/11 14/28/11 15/29/11
f 1/27/12 2/30/12 17/18/12 18/17/12
f 3/5/13 4/6/13 15/29/13 16/24/13
f 6/4/14 5/3/14 13/31/14 14/28/14
f 19/32/15 20/33/15 22/34/15 21/35/15
f 21/35/16 22/34/16 24/36/16 23/37/16
f 23/37/17 24/36/17 26/38/17 25/39/17
f 25/39/18 26/38/18 28/40/18 27/41/18
f 27/42/19 28/43/19 30/44/19 29/45/19
f 29/45/20 30/44/20 32/46/20 31/47/20
f 31/47/21 32/46/21 34/48/21 33/49/21
f 33/49/22 34/48/22 36/50/22 35/51/22
f 35/51/23 36/50/23 38/52/23 37/53/23
f 37/53/24 38/52/24 40/54/24 39/55/24
f 39/55/25 40/54/25 42/56/25 41/57/25
f 41/57/26 42/56/26 44/58/26 43/59/26
f 43/60/27 44/61/27 46/62/27 45/63/27
f 45/63/28 46/62/28 48/64/28 47/65/28
f 47/65/29 48/64/29 50/66/29 49/67/29
f 49/67/30 50/66/30 52/68/30 51/69/30
f 51/69/31 52/68/31 54/70/31 53/71/31
f 53/71/32 54/70/32 56/72/32 55/73/32
f 55/73/33 56/72/33 58/74/33 57/75/33
f 57/75/34 58/74/34 60/76/34 59/77/34
f 59/78/35 60/79/35 62/80/35 61/81/35
f 61/81/36 62/80/36 64/82/36 63/83/36
f 63/83/37 64/82/37 66/84/37 65/85/37
f 65/85/38 66/84/38 68/86/38 67/87/38
f 67/87/39 68/86/39 70/88/39 69/89/39
f 69/89/40 70/88/40 72/90/40 71/91/40
f 71/91/41 72/90/41 74/92/41 73/93/41
f 73/93/42 74/92/42 76/94/42 75/95/42
f 75/96/43 76/97/43 78/98/43 77/99/43
f 77/99/44 78/98/44 80/100/44 79/101/44
f 22/102/45 20/103/45 82/104/45 80/105/45 78/106/45 76/107/45 74/108/45 72/109/45 70/110/45 68/111/45 66/112/45 64/113/45 62/114/45 60/115/45 58/116/45 56/117/45 54/118/45 52/119/45 50/120/45 48/121/45 46/122/45 44/123/45 42/124/45 40/125/45 38/126/45 36/127/45 34/128/45 32/129/45 30/130/45 28/131/45 26/132/45 24/133/45
f 79/101/46 80/100/46 82/134/46 81/135/46
f 81/135/47 82/134/47 20/33/47 19/32/47
f 19/136/48 21/137/48 23/138/48 25/139/48 27/140/48 29/141/48 31/142/48 33/143/48 35/144/48 37/145/48 39/146/48 41/147/48 43/148/48 45/149/48 47/150/48 49/151/48 51/152/48 53/153/48 55/154/48 57/155/48 59/156/48 61/157/48 63/158/48 65/159/48 67/160/48 69/161/48 71/162/48 73/163/48 75/164/48 77/165/48 79/166/48 81/167/48
f 83/168/45 114/169/45 113/170/45 112/171/45 111/172/45 110/173/45 109/174/45 108/175/45 107/176/45 106/177/45 105/178/45 104/179/45 103/180/45 102/181/45 101/182/45 100/183/45 99/184/45 98/185/45 97/186/45 96/187/45 95/188/45 94/189/45 93/190/45 92/191/45 91/192/45 90/193/45 89/194/45 88/195/45 87/196/45 86/197/45 85/198/45 84/199/45
f 118/200/18 119/201/18 151/202/18 150/203/18
f 91/204/49 92/205/49 124/206/49 123/207/49
f 105/208/50 106/209/50 138/210/50 137/211/50
f 92/205/51 93/212/51 125/213/51 124/206/51
f 106/209/52 107/214/52 139/215/52 138/210/52
f 93/212/53 94/216/53 126/217/53 125/213/53
f 107/214/54 108/218/54 140/219/54 139/215/54
f 94/216/55 95/220/55 127/221/55 126/217/55
f 108/218/56 109/222/56 141/223/56 140/219/56
f 95/224/57 96/225/57 128/226/57 127/227/57
f 109/222/58 110/228/58 142/229/58 141/223/58
f 96/225/59 97/230/59 129/231/59 128/226/59
f 83/232/60 84/233/60 116/234/60 115/235/60
f 110/228/61 111/236/61 143/237/61 142/229/61
f 97/230/62 98/238/62 130/239/62 129/231/62
f 84/233/63 85/240/63 117/241/63 116/234/63
f 111/242/64 112/243/64 144/244/64 143/245/64
f 98/238/65 99/246/65 131/247/65 130/239/65
f 85/240/66 86/248/66 118/200/66 117/241/66
f 112/243/67 113/249/67 145/250/67 144/244/67
f 99/246/68 100/251/68 132/252/68 131/247/68
f 86/248/69 87/253/69 119/201/69 118/200/69
f 113/249/70 114/254/70 146/255/70 145/250/70
f 100/251/71 101/256/71 133/257/71 132/252/71
f 87/258/72 88/259/72 120/260/72 119/261/72
f 114/254/73 83/232/73 115/235/73 146/255/73
f 101/256/74 102/262/74 134/263/74 133/257/74
f 88/259/75 89/264/75 121/265/75 120/260/75
f 102/262/76 103/266/76 135/267/76 134/263/76
f 89/264/77 90/268/77 122/269/77 121/265/77
f 103/270/78 104/271/78 136/272/78 135/273/78
f 90/268/79 91/204/79 123/207/79 122/269/79
f 104/271/80 105/208/80 137/211/80 136/272/80
f 166/274/81 167/275/81 199/276/81 198/277/81
f 145/250/46 146/255/46 178/278/46 177/279/46
f 132/252/32 133/257/32 165/280/32 164/281/32
f 119/261/19 120/260/19 152/282/19 151/283/19
f 146/255/47 115/235/47 147/284/47 178/278/47
f 133/257/33 134/263/33 166/285/33 165/280/33
f 120/260/20 121/265/20 153/286/20 152/282/20
f 134/263/34 135/267/34 167/287/34 166/285/34
f 121/265/21 122/269/21 154/288/21 153/286/21
f 135/273/35 136/272/35 168/289/35 167/290/35
f 122/269/22 123/207/22 155/291/22 154/288/22
f 136/272/36 137/211/36 169/292/36 168/289/36
f 123/207/23 124/206/23 156/293/23 155/291/23
f 137/211/37 138/210/37 170/294/37 169/292/37
f 124/206/24 125/213/24 157/295/24 156/293/24
f 138/210/38 139/215/38 171/296/38 170/294/38
f 125/213/25 126/217/25 158/297/25 157/295/25
f 139/215/39 140/219/39 172/298/39 171/296/39
f 126/217/26 127/221/26 159/299/26 158/297/26
f 140/219/40 141/223/40 173/300/40 172/298/40
f 127/227/27 128/226/27 160/301/27 159/302/27
f 141/223/41 142/229/41 174/303/41 173/300/41
f 128/226/28 129/231/28 161/304/28 160/301/28
f 115/235/15 116/234/15 148/305/15 147/284/15
f 142/229/42 143/237/42 175/306/42 174/303/42
f 129/231/29 130/239/29 162/307/29 161/304/29
f 116/234/16 117/241/16 149/308/16 148/305/16
f 143/245/43 144/244/43 176/309/43 175/310/43
f 130/239/30 131/247/30 163/311/30 162/307/30
f 117/241/17 118/200/17 150/203/17 149/308/17
f 144/244/44 145/250/44 177/279/44 176/309/44
f 131/247/31 132/252/31 164/281/31 163/311/31
f 179/312/48 180/313/48 181/314/48 182/315/48 183/316/48 184/317/48 185/318/48 186/319/48 187/320/48 188/321/48 189/322/48 190/323/48 191/324/48 192/325/48 193/326/48 194/327/48 195/328/48 196/329/48 197/330/48 198/277/48 199/276/48 200/331/48 201/332/48 202/333/48 203/334/48 204/335/48 205/336/48 206/337/48 207/338/48 208/339/48 209/340/48 210/341/48
f 153/286/82 154/288/82 186/342/82 185/343/82
f 167/275/83 168/344/83 200/331/83 199/276/83
f 154/288/84 155/291/84 187/345/84 186/342/84
f 168/289/85 169/292/85 201/346/85 200/347/85
f 155/291/86 156/293/86 188/348/86 187/345/86
f 169/292/87 170/294/87 202/349/87 201/346/87
f 156/293/88 157/295/88 189/350/88 188/348/88
f 170/294/89 171/296/89 203/351/89 202/349/89
f 157/352/90 158/353/90 190/323/90 189/322/90
f 171/296/91 172/298/91 204/354/91 203/351/91
f 158/353/92 159/355/92 191/324/92 190/323/92
f 172/298/93 173/300/93 205/356/93 204/354/93
f 159/355/94 160/357/94 192/325/94 191/324/94
f 173/300/95 174/303/95 206/358/95 205/356/95
f 160/357/96 161/359/96 193/326/96 192/325/96
f 147/284/97 148/305/97 180/360/97 179/361/97
f 174/303/98 175/306/98 207/362/98 206/358/98
f 161/359/99 162/363/99 194/327/99 193/326/99
f 148/305/100 149/308/100 181/364/100 180/360/100
f 175/310/101 176/309/101 208/365/101 207/366/101
f 162/363/102 163/367/102 195/328/102 194/327/102
f 149/308/103 150/203/103 182/368/103 181/364/103
f 176/309/104 177/279/104 209/369/104 208/365/104
f 163/367/105 164/370/105 196/329/105 195/328/105
f 150/203/106 151/202/106 183/371/106 182/368/106
f 177/279/107 178/278/107 210/372/107 209/369/107
f 164/370/108 165/373/108 197/330/108 196/329/108
f 151/283/109 152/282/109 184/374/109 183/375/109
f 178/278/110 147/284/110 179/361/110 210/372/110
f 165/373/111 166/274/111 198/277/111 197/330/111
f 152/282/112 153/286/112 185/343/112 184/374/112
f 211/376/45 242/377/45 241/378/45 240/379/45 239/380/45 238/381/45 237/382/45 236/383/45 235/384/45 234/385/45 233/386/45 232/387/45 231/388/45 230/389/45 229/390/45 228/391/45 227/392/45 226/393/45 225/394/45 224/395/45 223/396/45 222/397/45 221/398/45 220/399/45 219/400/45 218/401/45 217/402/45 216/403/45 215/404/45 214/405/45 213/406/45 212/407/45
f 264/408/20 265/409/20 297/410/20 296/411/20
f 237/412/113 238/413/113 270/414/113 269/415/113
f 224/416/114 225/417/114 257/418/114 256/419/114
f 211/420/115 212/421/115 244/422/115 243/423/115
f 238/381/116 239/380/116 271/424/116 270/425/116
f 225/417/117 226/426/117 258/427/117 257/418/117
f 212/421/118 213/428/118 245/429/118 244/422/118
f 239/430/119 240/431/119 272/432/119 271/433/119
f 226/426/120 227/434/120 259/435/120 258/427/120
f 213/428/121 214/436/121 246/437/121 245/429/121
f 240/431/122 241/438/122 273/439/122 272/432/122
f 227/434/123 228/440/123 260/441/123 259/435/123
f 214/436/124 215/442/124 247/443/124 246/437/124
f 241/438/125 242/444/125 274/445/125 273/439/125
f 228/440/126 229/446/126 261/447/126 260/441/126
f 215/404/127 216/403/127 248/448/127 247/449/127
f 242/444/128 211/420/128 243/423/128 274/445/128
f 229/446/129 230/450/129 262/451/129 261/447/129
f 216/452/130 217/453/130 249/454/130 248/455/130
f 230/389/131 231/388/131 263/456/131 262/457/131
f 217/453/132 218/458/132 250/459/132 249/454/132
f 231/388/133 232/387/133 264/460/133 263/456/133
f 218/458/134 219/461/134 251/462/134 250/459/134
f 232/463/135 233/464/135 265/409/135 264/408/135
f 219/461/136 220/465/136 252/466/136 251/462/136
f 233/464/137 234/467/137 266/468/137 265/409/137
f 220/465/138 221/469/138 253/470/138 252/466/138
f 234/467/139 235/471/139 267/472/139 266/468/139
f 221/469/140 222/473/140 254/474/140 253/470/140
f 235/471/141 236/475/141 268/476/141 267/472/141
f 222/397/142 223/396/142 255/477/142 254/478/142
f 236/475/143 237/412/143 269/415/143 268/476/143
f 223/396/144 224/395/144 256/479/144 255/477/144
f 275/480/48 276/481/48 277/482/48 278/483/48 279/484/48 280/485/48 281/486/48 282/487/48 283/488/48 284/489/48 285/490/48 286/491/48 287/492/48 288/493/48 289/494/48 290/495/48 291/496/48 292/497/48 293/498/48 294/499/48 295/500/48 296/501/48 297/502/48 298/503/48 299/504/48 300/505/48 301/506/48 302/507/48 303/508/48 304/509/48 305/510/48 306/511/48
f 251/462/39 252/466/39 284/512/39 283/513/39
f 265/409/21 266/468/21 298/514/21 297/410/21
f 252/466/40 253/470/40 285/515/40 284/512/40
f 266/468/22 267/472/22 299/516/22 298/514/22
f 253/470/41 254/474/41 286/517/41 285/515/41
f 267/472/23 268/476/23 300/518/23 299/516/23
f 254/474/42 255/519/42 287/520/42 286/517/42
f 268/476/24 269/415/24 301/521/24 300/518/24
f 255/522/43 256/419/43 288/523/43 287/524/43
f 269/415/25 270/414/25 302/525/25 301/521/25
f 256/419/44 257/418/44 289/526/44 288/523/44
f 243/423/31 244/422/31 276/527/31 275/528/31
f 270/414/26 271/529/26 303/530/26 302/525/26
f 257/418/46 258/427/46 290/531/46 289/526/46
f 244/422/32 245/429/32 277/532/32 276/527/32
f 271/433/27 272/432/27 304/533/27 303/534/27
f 258/427/47 259/435/47 291/535/47 290/531/47
f 245/429/33 246/437/33 278/536/33 277/532/33
f 272/432/28 273/439/28 305/537/28 304/533/28
f 259/435/15 260/441/15 292/538/15 291/535/15
f 246/437/34 247/443/34 279/539/34 278/536/34
f 273/439/29 274/445/29 306/540/29 305/537/29
f 260/441/16 261/447/16 293/541/16 292/538/16
f 247/542/35 248/455/35 280/543/35 279/544/35
f 274/445/30 243/423/30 275/528/30 306/540/30
f 261/447/17 262/451/17 294/545/17 293/541/17
f 248/455/36 249/454/36 281/546/36 280/543/36
f 262/451/18 263/547/18 295/548/18 294/545/18
f 249/454/37 250/459/37 282/549/37 281/546/37
f 263/550/19 264/408/19 296/411/19 295/551/19
f 250/459/38 251/462/38 283/513/38 282/549/38
f 307/552/145 338/553/145 337/554/145 336/555/145 335/556/145 334/557/145 333/558/145 332/559/145 331/560/145 330/561/145 329/562/145 328/563/145 327/564/145 326/565/145 325/566/145 324/567/145 323/568/145 322/569/145 321/570/145 320/571/145 319/572/145 318/573/145 317/574/145 316/575/145 315/576/145 314/577/145 313/578/145 312/579/145 311/580/145 310/581/145 309/582/145 308/583/145
f 339/584/146 340/585/146 341/586/146 342/587/146 343/588/146 344/589/146 345/590/146 346/591/146 347/592/146 348/593/146 349/594/146 350/595/146 351/596/146 352/597/146 353/598/146 354/599/146 355/600/146 356/601/146 357/602/146 358/603/146 359/604/146 360/605/146 361/606/146 362/607/146 363/608/146 364/609/146 365/610/146 366/611/146 367/612/146 368/613/146 369/614/146 370/615/146
f 319/616/147 320/617/147 352/618/147 351/619/147
f 333/620/148 334/621/148 366/622/148 365/623/148
f 320/617/149 321/624/149 353/625/149 352/618/149
f 307/626/150 308/627/150 340/628/150 339/629/150
f 334/621/151 335/630/151 367/631/151 366/622/151
f 321/624/152 322/632/152 354/633/152 353/625/152
f 308/627/153 309/634/153 341/635/153 340/628/153
f 335/636/154 336/637/154 368/638/154 367/639/154
f 322/632/155 323/640/155 355/641/155 354/633/155
f 309/634/156 310/642/156 342/643/156 341/635/156
f 336/637/157 337/644/157 369/645/157 368/638/157
f 323/640/158 324/646/158 356/647/158 355/641/158
f 310/642/159 311/648/159 343/649/159 342/643/159
f 337/644/160 338/650/160 370/651/160 369/645/160
f 324/646/161 325/652/161 357/653/161 356/647/161
f 311/654/162 312/655/162 344/656/162 343/657/162
f 338/650/163 307/626/163 339/629/163 370/651/163
f 325/652/164 326/658/164 358/659/164 357/653/164
f 312/655/165 313/660/165 345/661/165 344/656/165
f 326/658/166 327/662/166 359/663/166 358/659/166
f 313/660/167 314/664/167 346/665/167 345/661/167
f 327/666/168 328/667/168 360/668/168 359/669/168
f 314/664/169 315/670/169 347/671/169 346/665/169
f 328/667/170 329/672/170 361/673/170 360/668/170
f 315/670/171 316/674/171 348/675/171 347/671/171
f 329/672/172 330/676/172 362/677/172 361/673/172
f 316/674/173 317/678/173 349/679/173 348/675/173
f 330/676/174 331/680/174 363/681/174 362/677/174
f 317/678/175 318/682/175 350/683/175 349/679/175
f 331/680/176 332/684/176 364/685/176 363/681/176
f 318/682/177 319/686/177 351/687/177 350/683/177
f 332/684/178 333/620/178 365/623/178 364/685/178
f 371/688/179 402/689/179 401/690/179 400/691/179 399/692/179 398/693/179 397/694/179 396/695/179 395/696/179 394/697/179 393/698/179 392/699/179 391/700/179 390/701/179 389/702/179 388/703/179 387/704/179 386/705/179 385/706/179 384/707/179 383/708/179 382/709/179 381/710/179 380/711/179 379/712/179 378/713/179 377/714/179 376/715/179 375/716/179 374/717/179 373/718/179 372/719/179
f 403/720/180 404/721/180 405/722/180 406/723/180 407/724/180 408/725/180 409/726/180 410/727/180 411/728/180 412/729/180 413/730/180 414/731/180 415/732/180 416/733/180 417/734/180 418/735/180 419/736/180 420/737/180 421/738/180 422/739/180 423/740/180 424/741/180 425/742/180 426/743/180 427/744/180 428/745/180 429/746/180 430/747/180 431/748/180 432/749/180 433/750/180 434/751/180
f 374/752/181 375/753/181 407/754/181 406/755/181
f 401/756/182 402/757/182 434/758/182 433/759/182
f 388/760/183 389/761/183 421/762/183 420/763/183
f 375/764/184 376/765/184 408/766/184 407/767/184
f 402/757/185 371/768/185 403/769/185 434/758/185
f 389/761/186 390/770/186 422/771/186 421/762/186
f 376/765/187 377/772/187 409/773/187 408/766/187
f 390/770/188 391/774/188 423/775/188 422/771/188
f 377/772/189 378/776/189 410/777/189 409/773/189
f 391/778/190 392/779/190 424/780/190 423/781/190
f 378/776/191 379/782/191 411/783/191 410/777/191
f 392/779/192 393/784/192 425/785/192 424/780/192
f 379/782/193 380/786/193 412/787/193 411/783/193
f 393/784/194 394/788/194 426/789/194 425/785/194
f 380/786/195 381/790/195 413/791/195 412/787/195
f 394/788/196 395/792/196 427/793/196 426/789/196
f 381/790/197 382/794/197 414/795/197 413/791/197
f 395/792/198 396/796/198 428/797/198 427/793/198
f 382/794/199 383/798/199 415/799/199 414/795/199
f 396/796/200 397/800/200 429/801/200 428/797/200
f 383/802/201 384/803/201 416/804/201 415/805/201
f 397/800/202 398/806/202 430/807/202 429/801/202
f 384/803/203 385/808/203 417/809/203 416/804/203
f 371/768/204 372/810/204 404/811/204 403/769/204
f 398/806/205 399/812/205 431/813/205 430/807/205
f 385/808/206 386/814/206 418/815/206 417/809/206
f 372/810/207 373/816/207 405/817/207 404/811/207
f 399/818/208 400/819/208 432/820/208 431/821/208
f 386/814/209 387/822/209 419/823/209 418/815/209
f 373/816/210 374/752/210 406/755/210 405/817/210
f 400/819/211 401/756/211 433/759/211 432/820/211
f 387/822/212 388/760/212 420/763/212 419/823/212
f 435/824/179 466/825/179 465/826/179 464/827/179 463/828/179 462/829/179 461/830/179 460/831/179 459/832/179 458/833/179 457/834/179 456/835/179 455/836/179 454/837/179 453/838/179 452/839/179 451/840/179 450/841/179 449/842/179 448/843/179 447/844/179 446/845/179 445/846/179 444/847/179 443/848/179 442/849/179 441/850/179 440/851/179 439/852/179 438/853/179 437/854/179 436/855/179
f 467/856/180 468/857/180 469/858/180 470/859/180 471/860/180 472/861/180 473/862/180 474/863/180 475/864/180 476/865/180 477/866/180 478/867/180 479/868/180 480/869/180 481/870/180 482/871/180 483/872/180 484/873/180 485/874/180 486/875/180 487/876/180 488/877/180 489/878/180 490/879/180 491/880/180 492/881/180 493/882/180 494/883/180 495/884/180 496/885/180 497/886/180 498/887/180
f 499/888/213 530/889/213 529/890/213 528/891/213 527/892/213 526/893/213 525/894/213 524/895/213 523/896/213 522/897/213 521/898/213 520/899/213 519/900/213 518/901/213 517/902/213 516/903/213 515/904/213 514/905/213 513/906/213 512/907/213 511/908/213 510/909/213 509/910/213 508/911/213 507/912/213 506/913/213 505/914/213 504/915/213 503/916/213 502/917/213 501/918/213 500/919/213
f 531/920/214 532/921/214 533/922/214 534/923/214 535/924/214 536/925/214 537/926/214 538/927/214 539/928/214 540/929/214 541/930/214 542/931/214 543/932/214 544/933/214 545/934/214 546/935/214 547/936/214 548/937/214 549/938/214 550/939/214 551/940/214 552/941/214 553/942/214 554/943/214 555/944/214 556/945/214 557/946/214 558/947/214 559/948/214 560/949/214 561/950/214 562/951/214
f 511/952/215 512/953/215 544/954/215 543/955/215
f 525/956/216 526/957/216 558/958/216 557/959/216
f 512/953/217 513/960/217 545/961/217 544/954/217
f 499/962/218 500/963/218 532/964/218 531/965/218
f 526/957/219 527/966/219 559/967/219 558/958/219
f 513/960/220 514/968/220 546/969/220 545/961/220
f 500/963/221 501/970/221 533/971/221 532/964/221
f 527/972/222 528/973/222 560/974/222 559/975/222
f 514/968/223 515/976/223 547/977/223 546/969/223
f 501/970/224 502/978/224 534/979/224 533/971/224
f 528/973/225 529/980/225 561/981/225 560/974/225
f 515/976/226 516/982/226 548/983/226 547/977/226
f 502/978/227 503/984/227 535/985/227 534/979/227
f 529/980/228 530/986/228 562/987/228 561/981/228
f 516/982/229 517/988/229 549/989/229 548/983/229
f 503/990/230 504/991/230 536/992/230 535/993/230
f 530/986/231 499/962/231 531/965/231 562/987/231
f 517/988/232 518/994/232 550/995/232 549/989/232
f 504/991/233 505/996/233 537/997/233 536/992/233
f 518/994/234 519/998/234 551/999/234 550/995/234
f 505/996/235 506/1000/235 538/1001/235 537/997/235
f 519/1002/236 520/1003/236 552/1004/236 551/1005/236
f 506/1000/237 507/1006/237 539/1007/237 538/1001/237
f 520/1003/238 521/1008/238 553/1009/238 552/1004/238
f 507/1006/239 508/1010/239 540/1011/239 539/1007/239
f 521/1008/240 522/1012/240 554/1013/240 553/1009/240
f 508/1010/241 509/1014/241 541/1015/241 540/1011/241
f 522/1012/242 523/1016/242 555/1017/242 554/1013/242
f 509/1014/243 510/1018/243 542/1019/243 541/1015/243
f 523/1016/244 524/1020/244 556/1021/244 555/1017/244
f 510/1018/245 511/1022/245 543/1023/245 542/1019/245
f 524/1020/246 525/956/246 557/959/246 556/1021/246
f 566/1024/247 567/1025/247 599/1026/247 598/1027/247
f 593/1028/248 594/1029/248 626/1030/248 625/1031/248
f 580/1032/249 581/1033/249 613/1034/249 612/1035/249
f 567/1036/250 568/1037/250 600/1038/250 599/1039/250
f 594/1029/251 563/1040/251 595/1041/251 626/1030/251
f 581/1033/252 582/1042/252 614/1043/252 613/1034/252
f 568/1037/253 569/1044/253 601/1045/253 600/1038/253
f 582/1042/254 583/1046/254 615/1047/254 614/1043/254
f 569/1044/255 570/1048/255 602/1049/255 601/1045/255
f 583/1050/256 584/1051/256 616/1052/256 615/1053/256
f 570/1048/257 571/1054/257 603/1055/257 602/1049/257
f 584/1051/258 585/1056/258 617/1057/258 616/1052/258
f 571/1054/259 572/1058/259 604/1059/259 603/1055/259
f 585/1056/260 586/1060/260 618/1061/260 617/1057/260
f 572/1058/261 573/1062/261 605/1063/261 604/1059/261
f 586/1060/262 587/1064/262 619/1065/262 618/1061/262
f 573/1062/263 574/1066/263 606/1067/263 605/1063/263
f 587/1064/264 588/1068/264 620/1069/264 619/1065/264
f 574/1066/265 575/1070/265 607/1071/265 606/1067/265
f 588/1068/266 589/1072/266 621/1073/266 620/1069/266
f 575/1074/267 576/1075/267 608/1076/267 607/1077/267
f 589/1072/268 590/1078/268 622/1079/268 621/1073/268
f 576/1075/269 577/1080/269 609/1081/269 608/1076/269
f 563/1040/270 564/1082/270 596/1083/270 595/1041/270
f 590/1078/271 591/1084/271 623/1085/271 622/1079/271
f 577/1080/272 578/1086/272 610/1087/272 609/1081/272
f 564/1082/273 565/1088/273 597/1089/273 596/1083/273
f 591/1090/274 592/1091/274 624/1092/274 623/1093/274
f 578/1086/275 579/1094/275 611/1095/275 610/1087/275
f 565/1088/276 566/1024/276 598/1027/276 597/1089/276
f 592/1091/277 593/1028/277 625/1031/277 624/1092/277
f 579/1094/278 580/1032/278 612/1035/278 611/1095/278
f 627/1096/279 658/1097/279 657/1098/279 656/1099/279 655/1100/279 654/1101/279 653/1102/279 652/1103/279 651/1104/279 650/1105/279 649/1106/279 648/1107/279 647/1108/279 646/1109/279 645/1110/279 644/1111/279 643/1112/279 642/1113/279 641/1114/279 640/1115/279 639/1116/279 638/1117/279 637/1118/279 636/1119/279 635/1120/279 634/1121/279 633/1122/279 632/1123/279 631/1124/279 630/1125/279 629/1126/279 628/1127/279
f 659/1128/280 660/1129/280 661/1130/280 662/1131/280 663/1132/280 664/1133/280 665/1134/280 666/1135/280 667/1136/280 668/1137/280 669/1138/280 670/1139/280 671/1140/280 672/1141/280 673/1142/280 674/1143/280 675/1144/280 676/1145/280 677/1146/280 678/1147/280 679/1148/280 680/1149/280 681/1150/280 682/1151/280 683/1152/280 684/1153/280 685/1154/280 686/1155/280 687/1156/280 688/1157/280 689/1158/280 690/1159/280
f 691/1160/145 722/1161/145 721/1162/145 720/1163/145 719/1164/145 718/1165/145 717/1166/145 716/1167/145 715/1168/145 714/1169/145 713/1170/145 712/1171/145 711/1172/145 710/1173/145 709/1174/145 708/1175/145 707/1176/145 706/1177/145 705/1178/145 704/1179/145 703/1180/145 702/1181/145 701/1182/145 700/1183/145 699/1184/145 698/1185/145 697/1186/145 696/1187/145 695/1188/145 694/1189/145 693/1190/145 692/1191/145
f 723/1192/146 724/1193/146 725/1194/146 726/1195/146 727/1196/146 728/1197/146 729/1198/146 730/1199/146 731/1200/146 732/1201/146 733/1202/146 734/1203/146 735/1204/146 736/1205/146 737/1206/146 738/1207/146 739/1208/146 740/1209/146 741/1210/146 742/1211/146 743/1212/146 744/1213/146 745/1214/146 746/1215/146 747/1216/146 748/1217/146 749/1218/146 750/1219/146 751/1220/146 752/1221/146 753/1222/146 754/1223/146
f 703/1224/147 704/1225/147 736/1226/147 735/1227/147
f 717/1228/148 718/1229/148 750/1230/148 749/1231/148
f 704/1225/149 705/1232/149 737/1233/149 736/1226/149
f 691/1234/150 692/1235/150 724/1236/150 723/1237/150
f 718/1229/151 719/1238/151 751/1239/151 750/1230/151
f 705/1232/152 706/1240/152 738/1241/152 737/1233/152
f 692/1235/153 693/1242/153 725/1243/153 724/1236/153
f 719/1244/154 720/1245/154 752/1246/154 751/1247/154
f 706/1240/155 707/1248/155 739/1249/155 738/1241/155
f 693/1242/156 694/1250/156 726/1251/156 725/1243/156
f 720/1245/157 721/1252/157 753/1253/157 752/1246/157
f 707/1248/158 708/1254/158 740/1255/158 739/1249/158
f 694/1250/159 695/1256/159 727/1257/159 726/1251/159
f 721/1252/160 722/1258/160 754/1259/160 753/1253/160
f 708/1254/161 709/1260/161 741/1261/161 740/1255/161
f 695/1262/162 696/1263/162 728/1264/162 727/1265/162
f 722/1258/163 691/1234/163 723/1237/163 754/1259/163
f 709/1260/164 710/1266/164 742/1267/164 741/1261/164
f 696/1263/165 697/1268/165 729/1269/165 728/1264/165
f 710/1266/166 711/1270/166 743/1271/166 742/1267/166
f 697/1268/167 698/1272/167 730/1273/167 729/1269/167
f 711/1274/168 712/1275/168 744/1276/168 743/1277/168
f 698/1272/169 699/1278/169 731/1279/169 730/1273/169
f 712/1275/170 713/1280/170 745/1281/170 744/1276/170
f 699/1278/171 700/1282/171 732/1283/171 731/1279/171
f 713/1280/172 714/1284/172 746/1285/172 745/1281/172
f 700/1282/173 701/1286/173 733/1287/173 732/1283/173
f 714/1284/174 715/1288/174 747/1289/174 746/1285/174
f 701/1286/175 702/1290/175 734/1291/175 733/1287/175
f 715/1288/176 716/1292/176 748/1293/176 747/1289/176
f 702/1290/177 703/1294/177 735/1295/177 734/1291/177
f 716/1292/178 717/1228/178 749/1231/178 748/1293/178
f 758/1296/181 759/1297/181 791/1298/181 790/1299/181
f 785/1300/182 786/1301/182 818/1302/182 817/1303/182
f 772/1304/183 773/1305/183 805/1306/183 804/1307/183
f 759/1308/184 760/1309/184 792/1310/184 791/1311/184
f 786/1301/185 755/1312/185 787/1313/185 818/1302/185
f 773/1305/186 774/1314/186 806/1315/186 805/1306/186
f 760/1309/187 761/1316/187 793/1317/187 792/1310/187
f 774/1314/188 775/1318/188 807/1319/188 806/1315/188
f 761/1316/189 762/1320/189 794/1321/189 793/1317/189
f 775/1322/190 776/1323/190 808/1324/190 807/1325/190
f 762/1320/191 763/1326/191 795/1327/191 794/1321/191
f 776/1323/192 777/1328/192 809/1329/192 808/1324/192
f 763/1326/193 764/1330/193 796/1331/193 795/1327/193
f 777/1328/194 778/1332/194 810/1333/194 809/1329/194
f 764/1330/195 765/1334/195 797/1335/195 796/1331/195
f 778/1332/196 779/1336/196 811/1337/196 810/1333/196
f 765/1334/197 766/1338/197 798/1339/197 797/1335/197
f 779/1336/198 780/1340/198 812/1341/198 811/1337/198
f 766/1338/199 767/1342/199 799/1343/199 798/1339/199
f 780/1340/200 781/1344/200 813/1345/200 812/1341/200
f 767/1346/201 768/1347/201 800/1348/201 799/1349/201
f 781/1344/202 782/1350/202 814/1351/202 813/1345/202
f 768/1347/203 769/1352/203 801/1353/203 800/1348/203
f 755/1312/204 756/1354/204 788/1355/204 787/1313/204
f 782/1350/205 783/1356/205 815/1357/205 814/1351/205
f 769/1352/206 770/1358/206 802/1359/206 801/1353/206
f 756/1354/207 757/1360/207 789/1361/207 788/1355/207
f 783/1362/208 784/1363/208 816/1364/208 815/1365/208
f 770/1358/209 771/1366/209 803/1367/209 802/1359/209
f 757/1360/210 758/1296/210 790/1299/210 789/1361/210
f 784/1363/211 785/1300/211 817/1303/211 816/1364/211
f 771/1366/212 772/1304/212 804/1307/212 803/1367/212
f 819/1368/179 850/1369/179 849/1370/179 848/1371/179 847/1372/179 846/1373/179 845/1374/179 844/1375/179 843/1376/179 842/1377/179 841/1378/179 840/1379/179 839/1380/179 838/1381/179 837/1382/179 836/1383/179 835/1384/179 834/1385/179 833/1386/179 832/1387/179 831/1388/179 830/1389/179 829/1390/179 828/1391/179 827/1392/179 826/1393/179 825/1394/179 824/1395/179 823/1396/179 822/1397/179 821/1398/179 820/1399/179
f 851/1400/180 852/1401/180 853/1402/180 854/1403/180 855/1404/180 856/1405/180 857/1406/180 858/1407/180 859/1408/180 860/1409/180 861/1410/180 862/1411/180 863/1412/180 864/1413/180 865/1414/180 866/1415/180 867/1416/180 868/1417/180 869/1418/180 870/1419/180 871/1420/180 872/1421/180 873/1422/180 874/1423/180 875/1424/180 876/1425/180 877/1426/180 878/1427/180 879/1428/180 880/1429/180 881/1430/180 882/1431/180
f 883/1432/213 914/1433/213 913/1434/213 912/1435/213 911/1436/213 910/1437/213 909/1438/213 908/1439/213 907/1440/213 906/1441/213 905/1442/213 904/1443/213 903/1444/213 902/1445/213 901/1446/213 900/1447/213 899/1448/213 898/1449/213 897/1450/213 896/1451/213 895/1452/213 894/1453/213 893/1454/213 892/1455/213 891/1456/213 890/1457/213 889/1458/213 888/1459/213 887/1460/213 886/1461/213 885/1462/213 884/1463/213
f 915/1464/214 916/1465/214 917/1466/214 918/1467/214 919/1468/214 920/1469/214 921/1470/214 922/1471/214 923/1472/214 924/1473/214 925/1474/214 926/1475/214 927/1476/214 928/1477/214 929/1478/214 930/1479/214 931/1480/214 932/1481/214 933/1482/214 934/1483/214 935/1484/214 936/1485/214 937/1486/214 938/1487/214 939/1488/214 940/1489/214 941/1490/214 942/1491/214 943/1492/214 944/1493/214 945/1494/214 946/1495/214
f 895/1496/215 896/1497/215 928/1498/215 927/1499/215
f 909/1500/216 910/1501/216 942/1502/216 941/1503/216
f 896/1497/217 897/1504/217 929/1505/217 928/1498/217
f 883/1506/218 884/1507/218 916/1508/218 915/1509/218
f 910/1501/219 911/1510/219 943/1511/219 942/1502/219
f 897/1504/220 898/1512/220 930/1513/220 929/1505/220
f 884/1507/221 885/1514/221 917/1515/221 916/1508/221
f 911/1516/222 912/1517/222 944/1518/222 943/1519/222
f 898/1512/223 899/1520/223 931/1521/223 930/1513/223
f 885/1514/224 886/1522/224 918/1523/224 917/1515/224
f 912/1517/225 913/1524/225 945/1525/225 944/1518/225
f 899/1520/226 900/1526/226 932/1527/226 931/1521/226
f 886/1522/227 887/1528/227 919/1529/227 918/1523/227
f 913/1524/228 914/1530/228 946/1531/228 945/1525/228
f 900/1526/229 901/1532/229 933/1533/229 932/1527/229
f 887/1534/230 888/1535/230 920/1536/230 919/1537/230
f 914/1530/231 883/1506/231 915/1509/231 946/1531/231
f 901/1532/232 902/1538/232 934/1539/232 933/1533/232
f 888/1535/233 889/1540/233 921/1541/233 920/1536/233
f 902/1538/234 903/1542/234 935/1543/234 934/1539/234
f 889/1540/235 890/1544/235 922/1545/235 921/1541/235
f 903/1546/236 904/1547/236 936/1548/236 935/1549/236
f 890/1544/237 891/1550/237 923/1551/237 922/1545/237
f 904/1547/238 905/1552/238 937/1553/238 936/1548/238
f 891/1550/239 892/1554/239 924/1555/239 923/1551/239
f 905/1552/240 906/1556/240 938/1557/240 937/1553/240
f 892/1554/241 893/1558/241 925/1559/241 924/1555/241
f 906/1556/242 907/1560/242 939/1561/242 938/1557/242
f 893/1558/243 894/1562/243 926/1563/243 925/1559/243
f 907/1560/244 908/1564/244 940/1565/244 939/1561/244
f 894/1562/245 895/1566/245 927/1567/245 926/1563/245
f 908/1564/246 909/1500/246 941/1503/246 940/1565/246
f 950/1568/247 951/1569/247 983/1570/247 982/1571/247
f 977/1572/248 978/1573/248 1010/1574/248 1009/1575/248
f 964/1576/249 965/1577/249 997/1578/249 996/1579/249
f 951/1580/250 952/1581/250 984/1582/250 983/1583/250
f 978/1573/251 947/1584/251 979/1585/251 1010/1574/251
f 965/1577/252 966/1586/252 998/1587/252 997/1578/252
f 952/1581/253 953/1588/253 985/1589/253 984/1582/253
f 966/1586/254 967/1590/254 999/1591/254 998/1587/254
f 953/1588/255 954/1592/255 986/1593/255 985/1589/255
f 967/1594/256 968/1595/256 1000/1596/256 999/1597/256
f 954/1592/257 955/1598/257 987/1599/257 986/1593/257
f 968/1595/258 969/1600/258 1001/1601/258 1000/1596/258
f 955/1598/259 956/1602/259 988/1603/259 987/1599/259
f 969/1600/260 970/1604/260 1002/1605/260 1001/1601/260
f 956/1602/261 957/1606/261 989/1607/261 988/1603/261
f 970/1604/262 971/1608/262 1003/1609/262 1002/1605/262
f 957/1606/263 958/1610/263 990/1611/263 989/1607/263
f 971/1608/264 972/1612/264 1004/1613/264 1003/1609/264
f 958/1610/265 959/1614/265 991/1615/265 990/1611/265
f 972/1612/266 973/1616/266 1005/1617/266 1004/1613/266
f 959/1618/267 960/1619/267 992/1620/267 991/1621/267
f 973/1616/268 974/1622/268 1006/1623/268 1005/1617/268
f 960/1619/269 961/1624/269 993/1625/269 992/1620/269
f 947/1584/270 948/1626/270 980/1627/270 979/1585/270
f 974/1622/271 975/1628/271 1007/1629/271 1006/1623/271
f 961/1624/272 962/1630/272 994/1631/272 993/1625/272
f 948/1626/273 949/1632/273 981/1633/273 980/1627/273
f 975/1634/274 976/1635/274 1008/1636/274 1007/1637/274
f 962/1630/275 963/1638/275 995/1639/275 994/1631/275
f 949/1632/276 950/1568/276 982/1571/276 981/1633/276
f 976/1635/277 977/1572/277 1009/1575/277 1008/1636/277
f 963/1638/278 964/1576/278 996/1579/278 995/1639/278
f 1011/1640/279 1042/1641/279 1041/1642/279 1040/1643/279 1039/1644/279 1038/1645/279 1037/1646/279 1036/1647/279 1035/1648/279 1034/1649/279 1033/1650/279 1032/1651/279 1031/1652/279 1030/1653/279 1029/1654/279 1028/1655/279 1027/1656/279 1026/1657/279 1025/1658/279 1024/1659/279 1023/1660/279 1022/1661/279 1021/1662/279 1020/1663/279 1019/1664/279 1018/1665/279 1017/1666/279 1016/1667/279 1015/1668/279 1014/1669/279 1013/1670/279 1012/1671/279
f 1043/1672/280 1044/1673/280 1045/1674/280 1046/1675/280 1047/1676/280 1048/1677/280 1049/1678/280 1050/1679/280 1051/1680/280 1052/1681/280 1053/1682/280 1054/1683/280 1055/1684/280 1056/1685/280 1057/1686/280 1058/1687/280 1059/1688/280 1060/1689/280 1061/1690/280 1062/1691/280 1063/1692/280 1064/1693/280 1065/1694/280 1066/1695/280 1067/1696/280 1068/1697/280 1069/1698/280 1070/1699/280 1071/1700/280 1072/1701/280 1073/1702/280 1074/1703/280
f 1092/1704/281 1088/1705/281 1078/1706/281 1084/1707/281
f 1084/1708/282 1078/1709/282 1082/1710/282 1085/1711/282
f 1091/1712/283 1090/1713/283 1080/1714/283 1086/1715/283
f 1086/1716/284 1080/1717/284 1076/1718/284 1083/1719/284
f 1087/1720/285 1089/1721/285 1079/1722/285 1075/1723/285
f 1090/1724/286 1088/1725/286 1076/1726/286 1080/1727/286
f 1079/1728/287 1086/1716/287 1083/1719/287 1075/1729/287
f 1089/1730/288 1091/1712/288 1086/1715/288 1079/1731/288
f 1077/1732/289 1084/1733/289 1085/1734/289 1081/1735/289
f 1087/1736/290 1092/1704/290 1084/1707/290 1077/1737/290
f 1075/1738/291 1083/1739/291 1092/1704/291 1087/1736/291
f 1081/1740/292 1085/1741/292 1091/1712/292 1089/1730/292
f 1082/1742/293 1078/1743/293 1088/1725/293 1090/1724/293
f 1077/1732/294 1081/1735/294 1089/1721/294 1087/1720/294
f 1085/1741/295 1082/1744/295 1090/1713/295 1091/1712/295
f 1083/1739/296 1076/1745/296 1088/1705/296 1092/1704/296
f 1103/1746/297 1102/1747/297 1096/1748/297 1098/1749/297
f 1098/1750/282 1096/1751/282 1094/1752/282 1097/1753/282
f 1099/1754/298 1101/1755/298 1095/1756/298 1093/1757/298
f 1102/1758/299 1100/1759/299 1094/1760/299 1096/1761/299
f 1095/1762/300 1098/1750/300 1097/1753/300 1093/1763/300
f 1101/1764/301 1103/1746/301 1098/1749/301 1095/1765/301
f 1093/1766/302 1097/1767/302 1104/1768/302 1099/1769/302
f 1097/1767/303 1094/1770/303 1100/1771/303 1104/1768/303
